"","v_gene","j_gene","cdr3","clsize","graph_label"
"AAACCTGAGAAGAAGC.1","IGHV1-69D","IGHJ4","CARGTYYYDSSGYLYYFDYW",2,"cluster 1"
"AAACCTGCAAGTTGTC.1","IGHV4-34","IGHJ5","CAIMGELERPTSNWFDPW",1,"cluster 2"
"AAACCTGCAATGGTCT.1","IGHV3-43","IGHJ4","CAKDERPAVTLPDYW",1,"single 1"
"AAACCTGCAGATCTGT.1","IGHV4-39","IGHJ4","CFRDLPKTCRTIDCWRGVDFW",2,"single 2"
"AAACGGGAGTTGAGAT.1","IGHV4-34","IGHJ5","CARGLKYYYDSSGYYRSNWFDPW",1,"single 3"
"AAACGGGCAAGTTCTG.1","IGHV3-33","IGHJ4","CAREGWHYFDYW",1,"cluster 3"
"AAACGGGGTTTGACTG.1","IGHV1-69D","IGHJ6","CASGGGSTSRFPYYMDVW",1,"single 4"
"AAACGGGTCCGCTGTT.1","IGHV1-2","IGHJ6","CARGPLSNSVYYYYYMDVW",1,"cluster 4"
"AAAGATGGTACCATCA.1","IGHV2-5","IGHJ4","CAHRPDYYDSDGYIYFDYW",1,"single 5"
"AAAGATGTCACAAACC.1","IGHV3-43","IGHJ3","CAKDVGALFLVGTVSAFDMW",1,"cluster 5"
"AAAGCAAAGGGATACC.1","IGHV4-61","IGHJ4","CVRGQDKKYVEPKKIFDYW",1,"cluster 6"
"AAAGCAACACAGGAGT.1","IGHV3-33","IGHJ5","CARDGQSPDFWSGYYGGGWFDPW",1,"single 6"
"AAAGCAACATATGAGA.1","IGHV5-51","IGHJ4","CARRANYYDSSGLIDYW",1,"cluster 7"
"AAAGCAAGTACATGTC.1","IGHV4-34","IGHJ6","CTSSSWYYYYYMDVW",1,"single 7"
"AAAGCAAGTGTTAAGA.1","IGHV3-43","IGHJ6","CAKEAWPGGGYYYHYYMDVW",1,"single 8"
"AAATGCCCATGGTTGT.1","IGHV3-23","IGHJ4","CAAGGIFGFDFDNW",1,"cluster 8"
"AAATGCCGTGCAACTT.1","IGHV1-58","IGHJ4","CAALTIFGVVDSEPW",1,"cluster 9"
"AAATGCCTCTGCTGCT.1","IGHV3-33","IGHJ4","CARDRSRYCGGDCRSDYW",1,"cluster 10"
"AACACGTTCATAAAGG.1","IGHV3-53","IGHJ3","CARDHFTYYYDSSGYFDDAFDIW",1,"cluster 11"
"AACACGTTCTCACATT.1","IGHV3-73","IGHJ6","CTRFTEPTVVVAGYYYMDVW",1,"single 9"
"AACCATGCATCGTCGG.1","IGHV4-39","IGHJ3","CARPPRPSVNDPDGFDIW",1,"cluster 12"
"AACGTTGAGCCGCCTA.1","IGHV3-49","IGHJ4","CTRVGDWFRELLADYW",1,"single 10"
"AACTCAGCATCACCCT.1","IGHV1-18","IGHJ4","CARVECGGDCYPPPDYW",1,"cluster 13"
"AACTCAGGTGCATCTA.1","IGHV4-39","IGHJ4","CARLPPTAMVPYYLDYW",1,"cluster 14"
"AACTCCCTCCCTCTTT.1","IGHV5-10-1","IGHJ6","CARQSTEGPQYYYYYMDVW",1,"single 11"
"AACTCTTAGACAGAGA.1","IGHV4-31","IGHJ4","CARVRWERFLEWLSPNYFFDYW",1,"single 12"
"AACTCTTCATAGAAAC.1","IGHV1-3","IGHJ5","CARNSGIAAAGTGLPLGPW",1,"single 13"
"AACTGGTGTACCATCA.1","IGHV3-33","IGHJ6","CATLSVQGTVLDVW",1,"single 14"
"AACTTTCGTCGGGTCT.1","IGHV3-13","IGHJ6","CVRANYMDVW",1,"single 15"
"AAGACCTAGGTGGGTT.1","IGHV4-34","IGHJ4","CARGYYDFWSGYLDYW",1,"cluster 15"
"AAGACCTGTGGCAAAC.1","IGHV3-11","IGHJ4","CARMKFTMVQGVIQWNLQYFDYW",1,"single 16"
"AAGCCGCTCAATCTCT.1","IGHV4-30-2","IGHJ5","CARALGYCSSTSCYIRFDPW",1,"cluster 16"
"AAGGAGCAGATCCCAT.1","IGHV3-7","IGHJ5","CARELGYCSSTSCSGCWFDPW",1,"single 17"
"AAGGAGCGTACTCGCG.1","IGHV3-43","IGHJ3","CAKDKGGSGWYGDPFDFW",3,"cluster 17"
"AAGGCAGCAGATGGCA.1","IGHV2-5","IGHJ3","CAHNSMAGVQNDAFDIW",1,"single 18"
"AAGGCAGCATCCGCGA.1","IGHV3-33","IGHJ4","CARHVPEGFDYW",1,"cluster 3"
"AAGTCTGGTTACGACT.1","IGHV1-46","IGHJ4","CARDPLYSGHDLPGTFDSW",1,"cluster 18"
"AATCCAGAGTGGAGTC.1","IGHV4-59","IGHJ5","CARLVAGTLGHNWFDPW",1,"single 19"
"AATCCAGCATTCCTCG.1","IGHV3-33","IGHJ4","CARDLAHNSPRLVSDYW",1,"cluster 19"
"AATCCAGGTTGGTAAA.1","IGHV1-18","IGHJ4","CARVSSLGEQLVEDYW",1,"cluster 20"
"AATCCAGTCCCTGACT.1","IGHV4-59","IGHJ4","CARVRKNWGTLNFDYW",1,"single 20"
"AATCCAGTCGAGCCCA.1","IGHV1-69D","IGHJ3","CARDTWRSSGWYNDAFDIW",1,"single 21"
"AATCCAGTCTCGGACG.1","IGHV3-20","IGHJ6","CAREVWKHIGDYYYMDVW",2,"cluster 21"
"AATCGGTAGACCCACC.1","IGHV1-46","IGHJ4","CARGEMATQNAYYFDYW",1,"cluster 22"
"AATCGGTGTATAGGTA.1","IGHV4-39","IGHJ3","CAGKNPATGAFDIW",1,"single 22"
"ACACCAAAGCCGCCTA.1","IGHV3-11","IGHJ3","CARSNAFDIW",1,"single 23"
"ACACCAAAGCCTTGAT.1","IGHV3-7","IGHJ6","CARKYYDFWSGYFYYYYYYMDVW",1,"cluster 23"
"ACACCCTGTTGGACCC.1","IGHV4-59","IGHJ6","CARRIGQQLVHYYYYMDVW",1,"cluster 24"
"ACACCCTTCCGTTGTC.1","IGHV4-34","IGHJ6","CARLKVDRRDGYNRPRWAYYYYMDVW",1,"cluster 25"
"ACACCGGTCCGTAGGC.1","IGHV4-34","IGHJ4","CARTNKWLRRFDYW",1,"cluster 26"
"ACAGCCGCAGCGTTCG.1","IGHV3-33","IGHJ4","CVTDPPQSEFHFDNW",1,"cluster 27"
"ACAGCCGCATTCCTGC.1","IGHV3-43","IGHJ3","CAKDRMGATVFGAFDVW",1,"single 24"
"ACAGCCGGTGAGTGAC.1","IGHV4-59","IGHJ6","CARDFEHYDNDGSYFYMDVW",1,"cluster 28"
"ACAGCTAAGCGTCTAT.1","IGHV4-61","IGHJ6","CARAIGVVVPAAMFYYYYMDVW",1,"cluster 29"
"ACAGCTAAGTACGCGA.1","IGHV3-23","IGHJ4","CAKGLLGFPPVAPIDHW",1,"single 25"
"ACATCAGAGATATGGT.1","IGHV1-3","IGHJ6","CARDIAARGIYYYYMDVW",1,"single 26"
"ACATCAGGTAAGTTCC.1","IGHV3-33","IGHJ4","CARDGGYDYVWLGYW",1,"cluster 27"
"ACATCAGTCGGCTACG.1","IGHV3-23","IGHJ6","CASTVLRFLGPPVLGYMDVW",1,"cluster 31"
"ACATCAGTCTGGGCCA.1","IGHV3-15","IGHJ6","CAKDSSAMGTPYYYYYMDVW",1,"cluster 32"
"ACATGGTGTTGCTCCT.1","IGHV1-46","IGHJ1","CARGLPRDMKANPDAEYFRHW",1,"single 27"
"ACATGGTTCCCATTAT.1","IGHV5-51","IGHJ6","CARQGTPGYMDVW",1,"single 28"
"ACATGGTTCTCGCTTG.1","IGHV3-15","IGHJ6","CTTASDSSGYQMAAYYYYYYMDVW",1,"single 29"
"ACCAGTAAGTTCGATC.1","IGHV5-51","IGHJ4","CASYSYGQRYFDYW",1,"cluster 33"
"ACCAGTATCGAATGGG.1","IGHV3-48","IGHJ4","CARGPHWIDYW",4,"cluster 34"
"ACCTTTAAGCTAAACA.1","IGHV3-43","IGHJ4","CAKSGYCSSTSCYGHFDYW",1,"single 30"
"ACGAGCCGTATAGTAG.1","IGHV3-53","IGHJ4","CASTDYGDYRNFDYW",1,"single 31"
"ACGAGGAAGCTGTTCA.1","IGHV1-46","IGHJ4","CARDVGTAGQLEYW",1,"cluster 35"
"ACGAGGAAGTAGTGCG.1","IGHV3-53","IGHJ6","CARDEKGGYGNYYYYYMDVW",1,"cluster 36"
"ACGAGGACATTGGTAC.1","IGHV4-34","IGHJ4","CAGPANSSSWYYFDYW",1,"cluster 15"
"ACGAGGAGTACAGTGG.1","IGHV3-30","IGHJ3","CAKIGRRGYSYGHDAFDIW",1,"single 32"
"ACGATGTGTCAAGCGA.1","IGHV4-34","IGHJ3","CARGLDDSSGYYYGYDAFDIW",1,"cluster 37"
"ACGCAGCTCGCATGGC.1","IGHV1-46","IGHJ4","CARGRRDGYNKFW",1,"cluster 38"
"ACGCCAGGTAGAAAGG.1","IGHV3-7","IGHJ4","CAREVGGPHIVVVIASGVFDYW",1,"single 33"
"ACGCCAGTCCGAACGC.1","IGHV3-23","IGHJ4","CANGDGYYDYVWGSYRHGYW",1,"cluster 39"
"ACGCCGACACTGTTAG.1","IGHV3-21","IGHJ5","CARNMRELRRDRWFDPW",1,"single 34"
"ACGCCGATCACCCTCA.1","IGHV4-30-2","IGHJ4","CARELQPVSELRQYYFDSW",1,"cluster 40"
"ACGGAGAGTTGAACTC.1","IGHV1-3","IGHJ5","CARDRSITIFGVVTANWFDPW",1,"cluster 41"
"ACGGCCAAGTATTGGA.1","IGHV4-31","IGHJ5","CVRGQQLTIVPPYNWFDTW",1,"cluster 42"
"ACGGCCACAAGAAGAG.1","IGHV3-23","IGHJ3","CAKGRYDLDAFDIW",1,"cluster 43"
"ACGGGCTAGAGCCTAG.1","IGHV4-59","IGHJ3","CARASWDYDSYGEPRVEAFDIW",1,"single 35"
"ACGGGCTAGAGGTACC.1","IGHV4-39","IGHJ5","CARHAVITMVRGVNTLGEDWFDPW",1,"single 36"
"ACGGGCTCACTCAGGC.1","IGHV1-18","IGHJ4","CGREIGGGYEFGLTYLDYW",1,"cluster 44"
"ACGGGCTCAGCCTGTG.1","IGHV5-51","IGHJ5","CAREPSSDRIWLDPW",1,"cluster 45"
"ACGGGCTTCCGCATAA.1","IGHV3-48","IGHJ4","CARDPSGADDFWSGNRWYFDYW",1,"single 37"
"ACGGGTCAGGCAATTA.1","IGHV3-11","IGHJ4","CARVMTTGDYFDHW",1,"single 38"
"ACGGGTCGTCAAACTC.1","IGHV3-33","IGHJ4","CARDPAMTTVTTTLDYW",1,"cluster 19"
"ACGTCAAGTAGTAGTA.1","IGHV4-30-2","IGHJ3","CARGANNLLTYYYDSSRGGSAFDIW",1,"single 39"
"ACGTCAAGTTTAGGAA.1","IGHV3-23","IGHJ4","CAKGVQYCSGGSCYPDYW",1,"cluster 46"
"ACTATCTAGGGTGTGT.1","IGHV3-7","IGHJ6","CAAIIVPDPLPIWYMDVW",1,"single 40"
"ACTATCTCAAGGTTTC.1","IGHV5-10-1","IGHJ4","CARRCGSGGSCYIHW",1,"single 41"
"ACTGAACAGGAGCGTT.1","IGHV3-23","IGHJ3","CAKDRPYYDFWSGYYVHPQTSGAFDIW",1,"single 42"
"ACTGAGTGTCCCGACA.1","IGHV3-7","IGHJ3","CASEVDYYDSSGYSGGLIDIW",1,"single 43"
"ACTGAGTTCTCGGACG.1","IGHV3-48","IGHJ6","CARWTVFLQQLVPYYYYMDVW",1,"cluster 47"
"ACTGATGCATTATCTC.1","IGHV1-69D","IGHJ6","CAREYCSGGSCYSGAHYYYMDVW",1,"single 44"
"ACTGATGGTTCCACGG.1","IGHV1-8","IGHJ4","CARGSRYDFRNGYEGGTGSPPDYW",1,"cluster 48"
"ACTGCTCGTATAATGG.1","IGHV1-18","IGHJ4","CAREVRAGATPRSDYW",1,"cluster 20"
"ACTGCTCGTGTTTGTG.1","IGHV3-48","IGHJ4","CARDGGRITMVRGVIPFDYW",1,"single 45"
"ACTGTCCGTGGCTCCA.1","IGHV4-39","IGHJ6","CARDDSSGYFLYYYYYMDVW",1,"cluster 49"
"ACTGTCCTCAATCACG.1","IGHV3-13","IGHJ6","CARGGSGWYSYYYYYMDVW",1,"cluster 50"
"ACTTACTTCTCTTATG.1","IGHV3-53","IGHJ5","CARGVNYFDPW",1,"single 46"
"ACTTGTTAGTGGGTTG.1","IGHV4-34","IGHJ6","CARLHIVATERTIYYYYYYMDVW",1,"cluster 51"
"ACTTTCAAGAGTAATC.1","IGHV3-48","IGHJ4","CASGNFDYW",1,"cluster 52"
"ACTTTCAAGTGTCTCA.1","IGHV1-69D","IGHJ4","CARDRRQGSSSVNGGHFDYW",1,"cluster 1"
"ACTTTCATCATCGATG.1","IGHV3-15","IGHJ4","CTTGSWEGYW",1,"cluster 53"
"ACTTTCATCCAGTAGT.1","IGHV1-69D","IGHJ4","CARSVEMATINGW",1,"cluster 54"
"AGAATAGAGCAGACTG.1","IGHV3-23","IGHJ4","CAKDGDGSGSYSYW",1,"cluster 8"
"AGAATAGGTTAAGACA.1","IGHV3-49","IGHJ6","CTRDVVAEYYYYYYYMDVW",1,"single 47"
"AGACGTTAGAACTCGG.1","IGHV3-73","IGHJ1","CTIDVKATATTYQYFRHW",1,"single 48"
"AGAGCGAGTCAGATAA.1","IGHV4-30-2","IGHJ4","CAGTSHEEVYYFDYW",3,"single 49"
"AGAGCGATCGTCGTTC.1","IGHV4-39","IGHJ5","CARDDFWVNNWFDPW",1,"cluster 55"
"AGAGCTTAGGGCATGT.1","IGHV4-34","IGHJ4","CASRGDSSGYFDYW",1,"cluster 26"
"AGAGTGGGTCATGCCG.1","IGHV3-49","IGHJ6","CTRDPMVVTLSYYYYYMDVW",1,"single 50"
"AGATTGCGTCATCCCT.1","IGHV1-18","IGHJ6","CARDCLGSGSYYTAPSWFNYYYYMDVW",1,"single 51"
"AGATTGCTCACCTTAT.1","IGHV4-61","IGHJ2","CARGLSGELPWYFDLW",1,"single 52"
"AGCATACCATACTACG.1","IGHV7-81","IGHJ4","CARPFVGGYPHRFDFW",1,"single 53"
"AGCATACGTGAAGGCT.1","IGHV5-51","IGHJ4","CARTLRGMGDYVIW",1,"cluster 33"
"AGCCTAATCCGATATG.1","IGHV3-33","IGHJ6","CAREEVVVHYYYYYMDVW",1,"cluster 56"
"AGCGGTCCATGAAGTA.1","IGHV3-7","IGHJ4","CARDREWLPQPAFDYW",1,"cluster 57"
"AGCGGTCGTAAATGAC.1","IGHV2-26","IGHJ4","CVRITPAYDLGRGDFW",1,"single 54"
"AGCGTATAGTATGACA.1","IGHV4-31","IGHJ5","CARASYDILTGYLNTFDPW",1,"cluster 42"
"AGCGTATCAACACCCG.1","IGHV3-23","IGHJ4","CAKDPRRDVPPYFDYW",2,"cluster 58"
"AGCGTATCACCTCGTT.1","IGHV4-61","IGHJ5","CVRDIPPRTLVSGTSW",1,"cluster 59"
"AGCGTATCACGGCTAC.1","IGHV1-2","IGHJ5","CARDPAPFLLMTTVIFNWFDPW",1,"single 55"
"AGCGTATTCTCTGCTG.1","IGHV1-46","IGHJ4","CASSRWLQWGRFDYW",1,"cluster 60"
"AGCTCTCAGCCAGTAG.1","IGHV3-43","IGHJ3","CAKDTDSIVWWLDAFDIW",1,"cluster 17"
"AGCTCTCAGGGTTCCC.1","IGHV3-48","IGHJ6","CARDRGYYGSGSYSVW",1,"single 56"
"AGCTCTCCATGGTCTA.1","IGHV1-24","IGHJ6","CATAGGPGQLVPDYYYYMDVW",1,"single 57"
"AGCTCTCGTCCGCTGA.1","IGHV3-53","IGHJ3","CARTEHDAFDIW",1,"single 58"
"AGCTCTCTCAACCAAC.1","IGHV4-61","IGHJ3","CARTKGPYGSTGYDAFDIW",1,"single 59"
"AGCTTGAAGGGCATGT.1","IGHV1-18","IGHJ4","CARLKTDGSYYVIWDYW",1,"cluster 13"
"AGCTTGATCACTGGGC.1","IGHV1-46","IGHJ3","CARVFEGSYYYDSSGYSISFDIW",1,"single 60"
"AGCTTGATCGCACTCT.1","IGHV3-33","IGHJ4","CARDLSYAAFDYW",1,"cluster 61"
"AGGCCACAGTTCGATC.1","IGHV3-23","IGHJ5","CAKIDSSWPNNWFDPW",1,"cluster 62"
"AGGCCACTCTACTTAC.1","IGHV4-39","IGHJ4","CARGSTWGPNPLERDW",1,"single 61"
"AGGGTGAAGACTTTCG.1","IGHV2-5","IGHJ4","CAHSSYYYGSGSYYKGYYFDYW",1,"single 62"
"AGGTCATAGGCCCTCA.1","IGHV4-34","IGHJ4","CAGTRYDFWSGYYSKIDYW",1,"cluster 63"
"AGGTCATAGGTGCTTT.1","IGHV1-18","IGHJ4","CARDHGGEYVTDAFW",1,"cluster 64"
"AGGTCCGGTATCACCA.1","IGHV1-2","IGHJ4","CASGMVQGVIRFDYW",1,"cluster 65"
"AGTAGTCCACTTACGA.1","IGHV1-2","IGHJ5","CARGGFGPELARIPWYLDTW",1,"cluster 66"
"AGTAGTCTCCTAGGGC.1","IGHV4-39","IGHJ4","CARVGWELLGSPPHW",1,"cluster 67"
"AGTCTTTCACGCATCG.1","IGHV3-33","IGHJ4","CAKDPGDPDYIRHDDYW",1,"cluster 19"
"AGTGAGGAGAGCAATT.1","IGHV4-61","IGHJ4","CARERWELLLGKWDYFDYW",1,"cluster 6"
"AGTGAGGAGTAATCCC.1","IGHV3-74","IGHJ6","CARAHDYYYYYMDVW",1,"single 63"
"AGTGAGGTCCGTTGCT.1","IGHV1-18","IGHJ6","CARDGDEFWSYYYMDVW",1,"single 64"
"AGTGGGAAGTAGTGCG.1","IGHV5-51","IGHJ4","CARHNLGGSYPFDFW",1,"cluster 68"
"AGTGGGACACTACAGT.1","IGHV4-59","IGHJ4","CARVDSSGLQFDYW",1,"single 65"
"AGTGGGAGTAGAGGAA.1","IGHV5-51","IGHJ6","CARLAVSEVLYYYYYYMDVW",1,"single 66"
"AGTGTCAAGAGACGAA.1","IGHV2-70","IGHJ4","CARTRYNWNPIDYW",1,"single 67"
"AGTGTCACATGACGGA.1","IGHV5-10-1","IGHJ4","CARHRRFLEWYVNW",1,"single 68"
"AGTGTCAGTACCAGTT.1","IGHV1-69D","IGHJ6","CARDYYGSGSYYNAHPHNYYYYYMDVW",1,"cluster 69"
"AGTTGGTAGCAGATCG.1","IGHV3-21","IGHJ4","CARHTSEPGITMVRGVGGIDYW",1,"single 69"
"AGTTGGTAGGGCTTCC.1","IGHV3-74","IGHJ3","CASGITMIVVDPDAFDIW",1,"single 70"
"ATAACGCAGCCTTGAT.1","IGHV3-74","IGHJ3","CAMSGGTSNDAFDIW",1,"single 71"
"ATAACGCAGCGATATA.1","IGHV3-21","IGHJ4","CARDQSGGGYGEYGYFDNW",1,"cluster 70"
"ATAAGAGCATTGGTAC.1","IGHV3-66","IGHJ5","CARGLVLSASAPW",1,"single 72"
"ATAAGAGGTAGCAAAT.1","IGHV4-34","IGHJ4","CARGWGPFYW",1,"cluster 71"
"ATAGACCAGACAAAGG.1","IGHV4-31","IGHJ4","CATGGRLGPGFDYW",1,"single 73"
"ATAGACCAGTACCGGA.1","IGHV3-15","IGHJ4","CTTEYYDFWSGYYGYW",1,"cluster 72"
"ATAGACCCAGTAAGAT.1","IGHV3-23","IGHJ3","CAKGYTLSGAFDIW",1,"cluster 43"
"ATAGACCGTTATCGGT.1","IGHV1-18","IGHJ4","CARDRNTFGGVTPGYW",1,"cluster 20"
"ATCACGATCGTTACGA.1","IGHV4-39","IGHJ3","CARHPWTYYFDSSGSQRAFDIW",1,"cluster 73"
"ATCATCTAGATAGTCA.1","IGHV1-69D","IGHJ4","CAIAVAGRFDYW",1,"cluster 74"
"ATCATCTGTCACTTCC.1","IGHV4-34","IGHJ6","CARFAANYYDNSGYDQQFYYMDVW",1,"cluster 51"
"ATCATCTGTCTAACGT.1","IGHV2-70","IGHJ4","CARITDYYGSGGEFDYW",1,"cluster 75"
"ATCATCTTCCTATGTT.1","IGHV3-20","IGHJ5","CVKDGGSGSFYKWNWFDSW",1,"single 74"
"ATCCACCAGATGTTAG.1","IGHV4-59","IGHJ4","CARMAETEFDFWSGLLYYFDYW",1,"cluster 76"
"ATCCACCGTACTCTCC.1","IGHV3-48","IGHJ5","CVRGGLRLDSW",2,"single 75"
"ATCCGAAGTAAGGATT.1","IGHV3-66","IGHJ4","CARDPPGGFDYW",1,"single 76"
"ATCCGAATCTATCCCG.1","IGHV3-33","IGHJ4","CAKDFGSFAWLRPSVDYW",1,"cluster 10"
"ATCGAGTTCCTGCTTG.1","IGHV4-61","IGHJ4","CASTGYSSGFDYW",1,"single 77"
"ATCTGCCCATGGGAAC.1","IGHV5-51","IGHJ2","CARREGYSGYDSYFWYFDLW",1,"single 78"
"ATGCGATAGGATCGCA.1","IGHV3-11","IGHJ6","CASQGLRFLEWAMDVW",1,"single 79"
"ATGCGATCACGGTAGA.1","IGHV3-33","IGHJ4","CAKDTVPTEYDGHPQLDSW",1,"cluster 77"
"ATGCGATCAGAGTGTG.1","IGHV3-48","IGHJ6","CARDSYSGYDYAVGAYYYMDVW",1,"single 80"
"ATGGGAGAGCTAGTTC.1","IGHV5-10-1","IGHJ5","CARLHLRSGSHWGEGWSDPW",1,"single 81"
"ATGTGTGAGGAACTGC.1","IGHV4-39","IGHJ5","CARTTDYQGFWFGPW",1,"cluster 55"
"ATGTGTGCATGGATGG.1","IGHV5-51","IGHJ5","CARRQTGSYFESWFDPW",1,"single 82"
"ATGTGTGTCCAAATGC.1","IGHV4-39","IGHJ4","CARVRLPTYQELRRDFDYW",1,"cluster 78"
"ATTACTCGTTTGTGTG.1","IGHV4-34","IGHJ4","CARAGGYYYGFAFHRYFDYW",1,"cluster 79"
"ATTATCCTCCAGTAGT.1","IGHV6-1","IGHJ5","CAGDLDYYDSRGYHNWFDPW",1,"single 83"
"ATTCTACCAGTAAGAT.1","IGHV3-33","IGHJ6","CAKELWQRLASYYYMDVW",1,"cluster 56"
"ATTCTACTCAGCGACC.1","IGHV4-59","IGHJ3","CARDLRFTQIDAFDIW",1,"single 84"
"ATTGGACGTCATATCG.1","IGHV1-46","IGHJ3","CARGGDTGTTGIGFGFDIW",1,"single 85"
"ATTGGACGTTGTGGCC.1","IGHV4-39","IGHJ4","CARAQARPPRRYTETSALDFFDYW",3,"single 86"
"ATTGGTGAGCGCCTTG.1","IGHV1-69D","IGHJ5","CASATMVQGFTW",1,"single 87"
"ATTGGTGGTAACGACG.1","IGHV4-39","IGHJ4","CARVWPVLVGSIENW",1,"cluster 67"
"ATTGGTGGTAAGGGCT.1","IGHV4-61","IGHJ4","CAREGSSWYGADYW",1,"single 88"
"ATTTCTGTCGAACTGT.1","IGHV3-23","IGHJ6","CAKDRSSAYCGGDCYSYYYYMDVW",1,"cluster 80"
"CAACCAAGTTCAGTAC.1","IGHV2-5","IGHJ4","CAHVLLGDKFDSW",1,"single 89"
"CAACCTCAGCCCAATT.1","IGHV3-33","IGHJ1","CARAVQWELLSHFQHW",1,"cluster 81"
"CAACCTCGTACGCACC.1","IGHV2-26","IGHJ4","CARAYEYGDFHNW",1,"single 90"
"CAACCTCTCTATCCCG.1","IGHV4-4","IGHJ3","CARERGGDYDAFDVW",1,"single 91"
"CAACTAGAGCAACGGT.1","IGHV3-53","IGHJ4","CARGGIAAAGIVPVDYW",1,"single 92"
"CAACTAGCAAGCGAGT.1","IGHV3-20","IGHJ6","CAREARAQRGFIAGRQAYYYYMDVW",1,"single 93"
"CAAGAAAAGAATGTGT.1","IGHV4-34","IGHJ4","CAREKSRLNYDFWRRYYFDYW",1,"cluster 82"
"CAAGAAAAGATAGGAG.1","IGHV3-74","IGHJ6","CARALYPGVW",1,"single 94"
"CAAGAAACAGCTGTTA.1","IGHV4-34","IGHJ4","CARGLPADYYDSSGYYGFDYW",1,"cluster 82"
"CAAGAAATCGTAGGAG.1","IGHV3-20","IGHJ5","CARARSGYEGNWFDPW",1,"single 95"
"CAAGATCTCACAACGT.1","IGHV3-64D","IGHJ4","CVKGLISLIAVPGTGPTRTDFW",1,"single 96"
"CAAGATCTCTCACATT.1","IGHV2-5","IGHJ4","CAHSTFLEWLLFADYW",1,"cluster 83"
"CAAGGCCGTCTAGTGT.1","IGHV4-61","IGHJ5","CARVSGTRDNSWFDPW",1,"cluster 59"
"CAAGTTGGTCAAACTC.1","IGHV3-53","IGHJ2","CARAGRDGHNAPYWYFDLW",1,"single 97"
"CAAGTTGGTTCAGCGC.1","IGHV3-23","IGHJ4","CAKEYGRSSGWYYFDYW",1,"cluster 84"
"CACAAACAGGCCCTCA.1","IGHV1-69D","IGHJ3","CARDRGSYFYDAFDIW",1,"single 98"
"CACAAACAGTAGTGCG.1","IGHV4-34","IGHJ4","CARGNIVLMVYAPPFDYW",1,"cluster 85"
"CACAAACTCGGATGGA.1","IGHV2-70","IGHJ6","CARISIPVAGTGYMDVW",1,"single 99"
"CACACAAAGTGTACTC.1","IGHV1-18","IGHJ6","CARDNKERLVTSFAGGDYYMDVW",1,"cluster 86"
"CACACCTAGACATAAC.1","IGHV1-46","IGHJ3","CAKGGNSGRYRDDAFDFW",1,"cluster 87"
"CACACTCAGCCCGAAA.1","IGHV2-70","IGHJ6","CARIRGYSGYDYVDYYYYMDVW",1,"single 100"
"CACACTCAGGCTATCT.1","IGHV3-23","IGHJ4","CATVAMAGGVRNFNYW",1,"cluster 58"
"CACACTCTCGACGGAA.1","IGHV1-2","IGHJ4","CASSHYDSSGYPYW",1,"single 101"
"CACAGGCCAGGATTGG.1","IGHV3-33","IGHJ4","CAKGIAAAGTFDYW",1,"cluster 88"
"CACAGTATCTTCAACT.1","IGHV3-21","IGHJ3","CARDGGTTVVTPDAFDIW",1,"single 102"
"CACATAGCACGGCCAT.1","IGHV3-33","IGHJ1","CVRVADTGTYVPEYFQQW",1,"single 103"
"CACATAGTCGCGCCAA.1","IGHV3-33","IGHJ4","CARDLQYHGAFDYW",1,"cluster 88"
"CACCACTGTACATCCA.1","IGHV5-51","IGHJ4","CARRKFSSWYEDVVDYW",1,"cluster 7"
"CACCACTTCATGTAGC.1","IGHV4-34","IGHJ6","CARRGMSGSYMRAYYYYMDVW",1,"cluster 89"
"CACCAGGAGGAACTGC.1","IGHV3-11","IGHJ1","CARGHPHDSSNYYHGDYW",1,"single 104"
"CACCAGGCACACCGCA.1","IGHV3-73","IGHJ4","CTRPRRESSGWYPFDYW",1,"single 105"
"CACCAGGGTACCAGTT.1","IGHV3-33","IGHJ3","CARTSDYFYSSVDPFDLW",1,"single 106"
"CACTCCACACGTAAGG.1","IGHV1-69","IGHJ4","CAYHGGSQRYYDGSGTYSYYW",1,"cluster 90"
"CACTCCAGTCATCGGC.1","IGHV4-39","IGHJ4","CASAESSGWYYFDYW",1,"cluster 91"
"CACTCCATCAAACCAC.1","IGHV3-7","IGHJ1","CVREADGYSTIYNDYW",1,"single 107"
"CAGAGAGTCGTGGTCG.1","IGHV2-70","IGHJ4","CARMRHYYDGSGYYSPPDYW",1,"single 108"
"CAGATCAGTAATTGGA.1","IGHV3-7","IGHJ4","CARRIAQSHTGGNFDYW",1,"single 109"
"CAGATCAGTGAAAGAG.1","IGHV3-33","IGHJ4","CAKDRAYYYGSGLDYW",1,"cluster 92"
"CAGATCAGTTACCAGT.1","IGHV4-59","IGHJ3","CARANSSGYRAHGAFDIW",1,"single 110"
"CAGCAGCAGTAGGCCA.1","IGHV3-21","IGHJ3","CARIPFNFVNWEPDGPRDAFDIW",1,"single 111"
"CAGCAGCCATTGTGCA.1","IGHV3-48","IGHJ6","CATGGHDSAHYYYYYMGVW",1,"single 112"
"CAGCAGCTCGCCGTGA.1","IGHV4-30-2","IGHJ3","CARDRAMIVVERDDAFDIW",1,"single 113"
"CAGCATAAGGGATACC.1","IGHV3-33","IGHJ4","CARESSGRGGPFDYW",1,"cluster 27"
"CAGCATAGTAGTACCT.1","IGHV4-39","IGHJ4","CASRKYYYDTW",1,"single 114"
"CAGCATAGTCGCATAT.1","IGHV1-8","IGHJ4","CARGSRYDYRSGYYGGSGSPPDYW",1,"cluster 48"
"CAGCCGATCCAAATGC.1","IGHV3-49","IGHJ4","CTSGYSGYDPSIYW",1,"single 115"
"CAGCTAAAGTGATCGG.1","IGHV4-34","IGHJ4","CARGLVGGMATIGYW",1,"single 116"
"CAGCTAAGTCTTGATG.1","IGHV3-23","IGHJ5","CAKDRPKQRGNWFDPW",1,"cluster 62"
"CAGCTGGAGCGATATA.1","IGHV4-59","IGHJ4","CVRGFRSWWNDW",1,"single 117"
"CAGCTGGCACGAAACG.1","IGHV1-58","IGHJ2","CAAQGQYYYDSSGYYSLRWYFDLW",1,"single 118"
"CAGCTGGCATGGTCAT.1","IGHV3-33","IGHJ1","CARSTAYSYDNHFSTNEYFQHW",1,"single 119"
"CAGCTGGGTGATGCCC.1","IGHV4-39","IGHJ6","CARQPAEGSGWYEHYYYYMDVW",1,"single 120"
"CAGCTGGTCAAGAAGT.1","IGHV5-51","IGHJ6","CARWVVPAAMEGGGFYYYYYYYMDVW",1,"cluster 93"
"CAGGTGCCAAGTTCTG.1","IGHV3-48","IGHJ4","CARGHSSSPGFDYW",1,"cluster 94"
"CAGGTGCCATTTGCCC.1","IGHV1-2","IGHJ6","CARAVVVGTVYYYMDVW",1,"single 121"
"CAGGTGCTCAGAGCTT.1","IGHV3-15","IGHJ4","CTPWIYFDYW",1,"cluster 53"
"CAGGTGCTCTCAAACG.1","IGHV4-30-2","IGHJ1","CAREGFMSIEYW",1,"single 122"
"CAGTCCTCAAATCCGT.1","IGHV3-33","IGHJ4","CAKDLGATSDYW",1,"cluster 3"
"CAGTCCTCAATCACAC.1","IGHV3-23","IGHJ6","CAKGVYDFWSGYSYYYYYYYMDVW",1,"cluster 80"
"CATATGGTCCTTTCTC.1","IGHV4-39","IGHJ4","CVAGVAM",1,"single 123"
"CATCAAGCACTAGTAC.1","IGHV3-48","IGHJ3","CANDYGDYFGSVASEHDAFDIW",1,"single 124"
"CATCAGAAGAAGGACA.1","IGHV4-39","IGHJ4","CASHSKLWFGELTPLMDYW",1,"cluster 78"
"CATCAGATCATCTGTT.1","IGHV2-5","IGHJ4","CVRDMEEWQATSLDYW",1,"cluster 83"
"CATCCACAGGCGCTCT.1","IGHV4-34","IGHJ4","CAREGHASQYYYGSGSYKNHFDYW",1,"single 125"
"CATCCACCACAGGAGT.1","IGHV1-69D","IGHJ4","CARRTYYYDSSGYYNDYW",1,"cluster 95"
"CATCGAAAGATAGTCA.1","IGHV4-34","IGHJ6","CARGCWNYVLSYYYMDVW",1,"cluster 96"
"CATCGAACAAACCTAC.1","IGHV4-39","IGHJ1","CARHAGYSSEQAYFQHW",1,"single 126"
"CATCGAAGTACTTAGC.1","IGHV3-53","IGHJ4","CEIFFTAGGFLNYW",1,"single 127"
"CATCGAAGTATTAGCC.1","IGHV1-69D","IGHJ6","CAGGYPYYMDVW",1,"single 128"
"CATCGGGCAACTGGCC.1","IGHV5-51","IGHJ5","CAKHGGGYYYDAGRPGNWFDSW",1,"single 129"
"CATCGGGGTTATCGGT.1","IGHV1-69D","IGHJ5","CARDYGSDYYDSSGYYYFWFDPW",1,"single 130"
"CATCGGGGTTCACCTC.1","IGHV3-33","IGHJ4","CAGPQERYYGSGSSLTFDYW",1,"single 131"
"CATGACACAATCGGTT.1","IGHV3-33","IGHJ4","CAKDQGLWFRELRLDYW",1,"cluster 19"
"CATGACACACACGCTG.1","IGHV4-34","IGHJ4","CASEPYYYDSSGYTNFDYW",1,"cluster 63"
"CATGACAGTGTGACCC.1","IGHV3-13","IGHJ6","CARATMSVGGNSYSYYMDVW",1,"single 132"
"CATGCCTCAGATTGCT.1","IGHV3-15","IGHJ4","CTTDFGAPWLVPLDYW",1,"cluster 72"
"CATGGCGAGTTAGGTA.1","IGHV3-21","IGHJ3","CARQFTVLDNAFDIW",1,"single 133"
"CATGGCGCAGCTTAAC.1","IGHV3-53","IGHJ3","CARADYSDFAGAFDIW",1,"cluster 97"
"CATGGCGTCCAAACTG.1","IGHV4-39","IGHJ4","CARERGGGYYSSYFDYW",1,"cluster 14"
"CATTATCAGATGCGAC.1","IGHV3-33","IGHJ4","CAKYDRDGYKEIDYW",1,"cluster 27"
"CATTATCAGGCATGGT.1","IGHV1-3","IGHJ5","CARDLGGWVAAAPFDPW",1,"single 134"
"CATTCGCTCGCCGTGA.1","IGHV3-23","IGHJ4","CAKSLTNWQFDSW",1,"single 135"
"CCACCTAAGTGAAGAG.1","IGHV3-23","IGHJ3","CVKEEYALYQDAFDIW",2,"single 136"
"CCACTACTCAACCAAC.1","IGHV4-39","IGHJ6","CVGTNSATLSLYNFYMDVW",2,"cluster 98"
"CCAGCGACACCCATTC.1","IGHV4-34","IGHJ4","CARGHYSYGLGYW",1,"cluster 99"
"CCAGCGACAGCTCCGA.1","IGHV3-11","IGHJ6","CARDRGYYYMGVW",1,"single 137"
"CCAGCGATCAGGATCT.1","IGHV1-2","IGHJ3","CARVHFHYYDSSGYPGEAFDIW",1,"single 138"
"CCATGTCAGTGGACGT.1","IGHV5-51","IGHJ4","CARREESDTAMVVYW",1,"cluster 68"
"CCATTCGAGCGCCTCA.1","IGHV3-48","IGHJ4","CVRETRIEFPDGYSFPFDFW",1,"cluster 100"
"CCATTCGCATCGGACC.1","IGHV1-46","IGHJ6","CATRGMEVTMVQGKGYYMDVW",1,"single 139"
"CCATTCGGTATCGCAT.1","IGHV5-51","IGHJ2","CARMYNTWYFDLW",1,"single 140"
"CCATTCGGTCTGCAAT.1","IGHV4-34","IGHJ6","CARITTVTTNYYYYYMDVW",1,"cluster 101"
"CCCATACAGTCGAGTG.1","IGHV1-58","IGHJ4","CAADRGSYSLGFEDW",1,"cluster 9"
"CCCATACCAAACGCGA.1","IGHV4-59","IGHJ4","CARDEGNWNYEFW",1,"cluster 102"
"CCCATACTCTCTGAGA.1","IGHV1-2","IGHJ5","CARGDDYGDYVGWFDPW",1,"cluster 103"
"CCGGGATAGGCCCGTT.1","IGHV3-23","IGHJ4","CAKALGAVAGSGFDYW",1,"cluster 58"
"CCGTACTGTCCGCTGA.1","IGHV3-33","IGHJ5","CARDEEYCSGGSCSNWFDPW",1,"single 141"
"CCGTGGAAGCGTTGCC.1","IGHV3-23","IGHJ4","CAKHYDSSGYYAVYW",1,"cluster 104"
"CCGTGGACATCCGCGA.1","IGHV3-15","IGHJ4","CTTGRETTIFGVVIRLPFDYW",2,"single 142"
"CCGTTCATCCTCCTAG.1","IGHV3-49","IGHJ4","CTRDLMVGYEVRGVIDPFDYW",1,"single 143"
"CCTAAAGCATCCGGGT.1","IGHV3-33","IGHJ4","CARGWRGYLVKYYFDSW",1,"cluster 19"
"CCTAAAGTCACAGTAC.1","IGHV1-46","IGHJ4","CARERGASGWYEYW",1,"cluster 35"
"CCTACACAGCAACGGT.1","IGHV4-30-2","IGHJ5","CARDRVGWFDPW",1,"single 144"
"CCTACCAAGATGTGGC.1","IGHV4-39","IGHJ6","CARVERYFPYYYYMDVW",1,"single 145"
"CCTACCACACAACTGT.1","IGHV3-64","IGHJ4","CGRARGHPTDFWSGYYDCW",1,"single 146"
"CCTAGCTGTCTAGAGG.1","IGHV4-34","IGHJ4","CARAQSYITIFGVVIPYYFDYW",1,"cluster 105"
"CCTAGCTGTGAAAGAG.1","IGHV4-34","IGHJ4","CASAYGNRKRYYFDYW",1,"cluster 15"
"CCTCAGTTCTTGAGAC.1","IGHV4-34","IGHJ6","CAGPKYAAYYYYYMDVW",1,"cluster 106"
"CCTCTGAAGGACATTA.1","IGHV3-48","IGHJ5","CASKADYYGSGSYYEGWFDPW",1,"single 147"
"CCTCTGAAGTATGACA.1","IGHV1-3","IGHJ5","CARDYGDFQYNWFDPW",1,"single 148"
"CCTCTGAGTACTCGCG.1","IGHV3-43","IGHJ5","CAKVRWRGSNYGANWFDPW",1,"single 149"
"CCTTACGGTCTCTCTG.1","IGHV4-4","IGHJ3","CARTVFAFDIW",1,"single 150"
"CCTTCCCAGCTTTGGT.1","IGHV3-23","IGHJ4","CAKARGYDSDGGNRYFDYW",1,"cluster 107"
"CCTTCGACATGTAGTC.1","IGHV5-51","IGHJ4","CARHDSSGYYFSSLSVW",1,"single 151"
"CGAACATAGTGTTGAA.1","IGHV3-53","IGHJ6","CARGSSWFYYYYYMDVW",1,"single 152"
"CGAACATCACCGTTGG.1","IGHV1-69D","IGHJ4","CASGNYDYVWGSYRYPGCGYW",1,"single 153"
"CGAATGTCATCGATGT.1","IGHV3-20","IGHJ4","CARAEYGDYRYYFDYW",1,"single 154"
"CGAATGTGTCAGATAA.1","IGHV4-34","IGHJ4","CARGGSSWYRNSLFDYW",1,"cluster 108"
"CGACCTTAGAAACCAT.1","IGHV5-51","IGHJ4","CARQGRMATRFSQFDYW",1,"cluster 7"
"CGACCTTAGCGGATCA.1","IGHV3-49","IGHJ3","CTRTPSFLWFGNGAFDIW",1,"single 155"
"CGACCTTCATCCAACA.1","IGHV3-33","IGHJ4","CAKIRVADNADYW",1,"cluster 61"
"CGACTTCAGTGTGAAT.1","IGHV3-23","IGHJ3","CAKVFARYSGSYQGAFDIW",1,"single 156"
"CGAGAAGTCATGGTCA.1","IGHV3-48","IGHJ4","CARDLSDYSISQDDYW",1,"cluster 109"
"CGAGCCAGTCTCACCT.1","IGHV4-59","IGHJ4","CARVNGDFGGWGSLDFW",1,"cluster 110"
"CGAGCCAGTTACCAGT.1","IGHV3-15","IGHJ4","CTTGPYYDYVWGSYRYTKPMYYFDYW",1,"single 157"
"CGATCGGGTCTCAACA.1","IGHV3-21","IGHJ3","CARRGYYDSSGYLFGDAFDIW",1,"single 158"
"CGATGTACACTTAACG.1","IGHV1-69","IGHJ3","CARRKNQRCSDSSGYCPSYAFDVW",1,"single 159"
"CGATGTACATCACGAT.1","IGHV2-5","IGHJ3","CAHRHSGEGLGAPTSYDGVYDAFDIW",1,"single 160"
"CGATTGACACTGCCAG.1","IGHV4-39","IGHJ3","CRRDIVGATGQADVFDIW",1,"cluster 12"
"CGCCAAGAGCCCAGCT.1","IGHV3-30","IGHJ4","CAKGDGYNLDYW",1,"single 161"
"CGCGTTTAGGCTAGAC.1","IGHV4-31","IGHJ4","CARAGSGMSGGDTFDYW",1,"single 162"
"CGCGTTTGTACTTAGC.1","IGHV3-15","IGHJ4","CTTDPLGQWELHRFDYW",1,"cluster 111"
"CGGACACAGACCGGAT.1","IGHV1-2","IGHJ5","CARDDLYYDSSGLPVTW",1,"cluster 103"
"CGGACACCACTTACGA.1","IGHV1-2","IGHJ4","CARDVNWNFYYFDYW",1,"cluster 65"
"CGGACGTCAAGAGGCT.1","IGHV1-2","IGHJ5","CARAPFVRMVRAGADWFDAW",1,"cluster 66"
"CGGACTGCACTGAAGG.1","IGHV4-34","IGHJ4","CARNLGRSIAAAPPLYW",1,"cluster 108"
"CGGACTGGTCTTGATG.1","IGHV1-8","IGHJ3","CARQNNYGFDVW",1,"single 163"
"CGGACTGTCAGCACAT.1","IGHV1-8","IGHJ6","CARGPYSSSSNSFYYYYYYMDVW",1,"single 164"
"CGGAGCTTCTCGCATC.1","IGHV3-15","IGHJ4","CATKIDSIGWYTIYFDYW",1,"single 165"
"CGGCTAGAGATGTTAG.1","IGHV3-49","IGHJ6","CTRDADLTFDWLSSLDVW",1,"single 166"
"CGGCTAGGTATCGCAT.1","IGHV5-51","IGHJ4","CTRHLGVVGDYW",1,"single 167"
"CGGGTCACAATCTGCA.1","IGHV1-69D","IGHJ5","CAREGLKPRRISFDPW",1,"cluster 112"
"CGGGTCAGTCTTCTCG.1","IGHV3-53","IGHJ4","CAREHYYDSSGYTREYDYW",1,"cluster 113"
"CGGTTAAAGGAATGGA.1","IGHV3-53","IGHJ4","CARVKWFRIFSGYYFDYW",1,"single 168"
"CGGTTAAAGTCAATAG.1","IGHV4-4","IGHJ3","CANVNSGKAFEIW",1,"single 169"
"CGTAGCGAGCAGATCG.1","IGHV3-7","IGHJ4","CARYCSGGSCWVYW",1,"single 170"
"CGTAGCGGTATAGGTA.1","IGHV3-23","IGHJ5","CAKVSVLLVGWFDPW",1,"single 171"
"CGTAGCGGTGTGGCTC.1","IGHV3-7","IGHJ4","CARFGFVVALGYW",1,"single 172"
"CGTAGCGTCTGCCCTA.1","IGHV3-73","IGHJ4","CTRRGYSYGYGYW",1,"single 173"
"CGTAGGCCAGTGAGTG.1","IGHV3-33","IGHJ4","CARDRLRGYYYDSSDLDYW",1,"cluster 77"
"CGTCACTAGATGTTAG.1","IGHV1-46","IGHJ4","CARRSTMVRYRTYYFDYW",1,"single 174"
"CGTCACTGTCTAGTCA.1","IGHV5-51","IGHJ3","CARRDYYDSSGYYFAFDIW",1,"cluster 114"
"CGTCAGGGTCTGGTCG.1","IGHV3-21","IGHJ4","CARDRDHTAMPTSADYW",1,"cluster 115"
"CGTCAGGGTTAGAACA.1","IGHV4-39","IGHJ6","CARDYGDSSGWYWRSEAYYYYMDVW",1,"cluster 116"
"CGTCAGGTCACGCATA.1","IGHV4-59","IGHJ6","CARVSDFDWSPRFYYMDVW",1,"cluster 24"
"CGTCCATAGAGGTAGA.1","IGHV3-48","IGHJ4","CARDIRVGAAAGTGDYW",1,"single 175"
"CGTCCATAGGGAACGG.1","IGHV3-48","IGHJ4","CAWGGNSAFDYW",1,"single 176"
"CGTCCATCAGAAGCAC.1","IGHV3-30","IGHJ4","CGKNLLDHSDSSGYKGALAYW",1,"single 177"
"CGTCCATGTAGGGACT.1","IGHV1-69D","IGHJ4","CAREGQYCFGGSCFYSFESW",2,"single 178"
"CGTCTACCACCGAATT.1","IGHV4-34","IGHJ6","CARNLKTPMVRGVIPNYYYYYYMDVW",1,"cluster 25"
"CGTCTACTCACCAGGC.1","IGHV1-69D","IGHJ4","CASENNWNFFDYW",1,"cluster 54"
"CGTGAGCAGACTTGAA.1","IGHV3-43","IGHJ3","CVKDKTESNYDLSEAFDVW",1,"single 179"
"CGTGTAAGTGGACGAT.1","IGHV3-33","IGHJ3","CVRERNYYDSSSYPDAFDFW",1,"single 180"
"CGTGTAATCACTCCTG.1","IGHV5-10-1","IGHJ4","CATEYYDILTGYYSPMGYW",1,"single 181"
"CGTGTAATCAGTTTGG.1","IGHV1-2","IGHJ4","CARLQTDSTVGGAYFDFW",1,"cluster 117"
"CGTTCTGAGATATACG.1","IGHV1-2","IGHJ6","CARSTPQWEDYYFYHMDVW",2,"cluster 4"
"CGTTGGGAGAGTCTGG.1","IGHV1-58","IGHJ6","CAADRGPPVGDYRRYYYYMDVW",1,"cluster 118"
"CGTTGGGCATTAGGCT.1","IGHV4-39","IGHJ4","CAQFLLRGYFDYW",1,"cluster 119"
"CGTTGGGGTTCACCTC.1","IGHV3-48","IGHJ4","CTRDPEGGYDFDYW",1,"cluster 94"
"CGTTGGGTCGTTTGCC.1","IGHV3-43","IGHJ4","CAKDIVRIAAGNFDYW",1,"single 182"
"CTAACTTAGACAGACC.1","IGHV4-39","IGHJ4","CARDGMYYGSGRTLGGRDYW",1,"cluster 120"
"CTAACTTGTACTCAAC.1","IGHV4-39","IGHJ6","CARSGDYDFWSGYYISYYYYYMDVW",1,"cluster 116"
"CTAAGACAGATCGGGT.1","IGHV5-51","IGHJ5","CARTQWLGNWFDPW",1,"cluster 45"
"CTAAGACAGTAGCGGT.1","IGHV3-64D","IGHJ6","CVKDGMGSYHYMDVW",1,"single 183"
"CTAAGACAGTATGACA.1","IGHV1-69D","IGHJ4","CARSVVVTANNVYYFDYW",1,"cluster 95"
"CTAAGACGTGAGCGAT.1","IGHV4-39","IGHJ4","CARHVIAAPAFDYW",2,"cluster 121"
"CTAAGACTCCGCGTTT.1","IGHV3-48","IGHJ4","CARTTFL",1,"cluster 52"
"CTACACCAGAGGACGG.1","IGHV4-34","IGHJ6","CARYWDIVVVPGAPVVGYMDVW",1,"cluster 122"
"CTACACCGTAATCACC.1","IGHV1-2","IGHJ6","CAREMGLVGAYYYYYMDVW",1,"cluster 4"
"CTACATTAGGTAGCTG.1","IGHV1-2","IGHJ6","CARGARVVPQVMDVW",1,"single 184"
"CTACATTCAGTATAAG.1","IGHV4-34","IGHJ4","CARGRARYDILTGYGDYW",1,"cluster 85"
"CTACATTGTGGCTCCA.1","IGHV3-23","IGHJ6","CAKDVGYDFWSAHYIGVVRNSYHYMDVW",1,"single 185"
"CTACATTTCACAGTAC.1","IGHV5-51","IGHJ4","CARRHIYYSAYSGYWFDYW",2,"cluster 123"
"CTAGAGTGTTAGAACA.1","IGHV3-72","IGHJ6","CARLGPVAVFGDYYYYMDVW",1,"single 186"
"CTAGCCTGTGGACGAT.1","IGHV4-34","IGHJ5","CARGQGRFLEWFPQRNNWFDPW",1,"cluster 124"
"CTAGCCTGTTACGACT.1","IGHV4-61","IGHJ4","CARDLYDLWTGYQDYW",1,"cluster 125"
"CTAGTGAAGCCGCCTA.1","IGHV4-34","IGHJ4","CARVPQYCSSTSCYAGAGVFDYW",1,"cluster 126"
"CTAGTGATCGTACCGG.1","IGHV3-33","IGHJ6","CAKDKEHLLSFHYYYMDVW",1,"cluster 127"
"CTCACACCACTCAGGC.1","IGHV3-43","IGHJ1","CAKDPTSNIVATAPEVW",1,"single 187"
"CTCAGAACAAAGCGGT.1","IGHV3-74","IGHJ4","CARDLEPDIVAVAGIRRFDYW",1,"single 188"
"CTCAGAACACAGAGGT.1","IGHV4-30-2","IGHJ3","CAKGQRSGLERIWGNDPFDIW",1,"cluster 128"
"CTCAGAACAGTCTTCC.1","IGHV3-7","IGHJ3","CAREGVVTADDAFDIW",1,"single 189"
"CTCCTAGCAATGGACG.1","IGHV1-8","IGHJ4","CARGSRYDYRSGYYGGTGSPPDYW",1,"cluster 48"
"CTCGAAAAGAAGGTTT.1","IGHV3-53","IGHJ4","CARDGF",1,"cluster 129"
"CTCGAGGCACGCATCG.1","IGHV3-30","IGHJ6","CAKDLGERYYDFVWQTTMAVW",1,"single 190"
"CTCGAGGGTGAGGGTT.1","IGHV3-20","IGHJ6","CALGDYYGSERYYYMDVW",1,"cluster 21"
"CTCGAGGTCAAGGCTT.1","IGHV5-51","IGHJ4","CARRFLEWSQDDYW",1,"cluster 33"
"CTCGGAGAGAGTTGGC.1","IGHV4-34","IGHJ4","CARVASYYHETSDYDCFEYW",1,"cluster 79"
"CTCGGAGCAGAAGCAC.1","IGHV1-8","IGHJ6","CARAVKTGTTWDYFYYMDVW",1,"single 191"
"CTCTAATAGCCATCGC.1","IGHV3-73","IGHJ4","CTRGSLITGTFDYW",1,"single 192"
"CTCTACGCAAGTAATG.1","IGHV1-69D","IGHJ4","CATGDKSGGYSVGYCFDSW",1,"cluster 130"
"CTGAAGTAGCGATCCC.1","IGHV3-20","IGHJ6","CAREVWKYIGDYYYMDVW",1,"cluster 21"
"CTGATAGTCGGAAATA.1","IGHV4-34","IGHJ4","CARASGSYPNVGYYFDYW",1,"cluster 85"
"CTGATCCAGCGATATA.1","IGHV3-13","IGHJ6","CARGGRSSSWDYYYYMDVW",1,"cluster 50"
"CTGCCTAGTGACTACT.1","IGHV3-33","IGHJ3","CARCLTIFGVVIIPGDAFDIW",1,"single 193"
"CTGCGGACATGCAATC.1","IGHV3-33","IGHJ4","CARDSYGSWGVVPDYW",1,"cluster 92"
"CTGCTGTAGCGTCTAT.1","IGHV3-48","IGHJ5","CARDLYSDYVAGLFDPW",2,"single 194"
"CTGCTGTGTCTCTTTA.1","IGHV5-51","IGHJ3","CARQVGGSYYQGDAFDIW",1,"cluster 131"
"CTGCTGTTCGGAGCAA.1","IGHV1-3","IGHJ2","CARVMYSSGWSLTDWFFDLW",1,"single 195"
"CTGGTCTGTAGCGTGA.1","IGHV4-61","IGHJ6","CAREKSGGLTREYYYYYMDVW",1,"cluster 29"
"CTGTGCTAGACATAAC.1","IGHV3-33","IGHJ4","CAKVDGSYYPYFDYW",1,"cluster 27"
"CTGTGCTAGCGATAGC.1","IGHV3-53","IGHJ4","CAKERRYDGNDYGYYFEYW",1,"cluster 113"
"CTGTGCTAGTGGAGAA.1","IGHV4-4","IGHJ3","CARGDDYVWGSYRNDAFDIW",1,"single 196"
"CTGTGCTCAGTACACT.1","IGHV3-23","IGHJ1","CAKDSYLPSGTYFSEHW",1,"single 197"
"CTGTGCTGTACGACCC.1","IGHV4-30-2","IGHJ3","CARVSGDYPLLLTHQYDAFDIW",1,"cluster 128"
"CTGTTTAAGGGTCGAT.1","IGHV1-69D","IGHJ5","CARCRGAARPSWFDPW",1,"cluster 112"
"CTTAACTTCACCATAG.1","IGHV1-69D","IGHJ6","CARGLWFGDKSTTKTNYYYYYYMDVW",1,"cluster 69"
"CTTACCGAGAACTCGG.1","IGHV1-18","IGHJ4","CARDMEYCSGGSCSPHYW",1,"cluster 132"
"CTTACCGGTAAGCACG.1","IGHV1-18","IGHJ6","CARETVQGVINYYYYYMDVW",1,"single 198"
"CTTACCGTCAAACAAG.1","IGHV3-53","IGHJ5","CARAYKYNWFDPW",1,"single 199"
"CTTAGGACACCAGGCT.1","IGHV3-23","IGHJ4","CAKDWHASGWYSPPSYYW",1,"cluster 46"
"CTTCTCTCATGCATGT.1","IGHV4-39","IGHJ5","CAIMGELERPTSNWFDPW",1,"single 200"
"CTTCTCTGTAGCGTGA.1","IGHV1-58","IGHJ6","CAADRSIVGATYNYYYYYMDVW",1,"cluster 118"
"CTTCTCTGTTTCGCTC.1","IGHV3-33","IGHJ4","CARDSLGVATIKVDYW",1,"cluster 92"
"CTTCTCTTCATTCACT.1","IGHV1-18","IGHJ4","CARDVPVRAAPLFDFW",1,"cluster 20"
"CTTCTCTTCGGTTAAC.1","IGHV3-7","IGHJ4","CARVARLEYSSSSFGDYW",1,"cluster 133"
"CTTGGCTGTAGAGCTG.1","IGHV3-33","IGHJ4","CAKEVATTSWVDLYYFDYW",1,"cluster 77"
"CTTTGCGGTCTAGTCA.1","IGHV3-48","IGHJ2","CARGMRPQWPTSTPYWYFDLW",1,"single 201"
"GAAACTCGTCAACTGT.1","IGHV3-11","IGHJ4","CAKTNVDTEMVGEYTFDFW",2,"single 202"
"GAAACTCGTGTGAAAT.1","IGHV4-34","IGHJ4","CARGVVRPRVNYYDSSGYYLYYFDYW",1,"single 203"
"GAACATCCAGGCTCAC.1","IGHV3-33","IGHJ2","CAKDPRYNWNFVVKGWFFDLW",1,"single 204"
"GAACCTAGTAGCTCCG.1","IGHV3-74","IGHJ4","CARDVDSSTW",1,"cluster 134"
"GAACGGATCTCCAACC.1","IGHV1-18","IGHJ4","CARVGPGVQGVIEEESYFDYW",1,"single 205"
"GAAGCAGAGATCTGAA.1","IGHV3-33","IGHJ4","CAKWGEKQLDDYW",1,"cluster 61"
"GAAGCAGCACAAGCCC.1","IGHV3-73","IGHJ6","CGEVADFTSFYDYMDVW",1,"single 206"
"GAAGCAGTCTACCTGC.1","IGHV2-70","IGHJ4","CARSLGYGDYGGDFDYW",1,"cluster 75"
"GAATAAGAGTCTCGGC.1","IGHV3-11","IGHJ4","CATQGIYVSSEADYW",1,"single 207"
"GAATAAGCAAAGTCAA.1","IGHV3-33","IGHJ6","CARDSGYSGYVLYYYYYMDVW",1,"single 208"
"GAATAAGTCGCCCTTA.1","IGHV4-30-2","IGHJ4","CARGAGLDYGDYGLIDYW",1,"single 209"
"GAATAAGTCTGCCCTA.1","IGHV4-39","IGHJ4","CAREGQLGGFGYFDYW",1,"cluster 135"
"GAATAAGTCTTACCTA.1","IGHV4-34","IGHJ6","CARVLLWFRAAHMDVW",1,"single 210"
"GAATGAAAGCCAGTTT.1","IGHV3-48","IGHJ4","CARGMGRLGYW",1,"cluster 34"
"GAATGAAGTCTAGTCA.1","IGHV3-15","IGHJ4","CTTDIRYYYDSSGYYWTRPRDYW",1,"single 211"
"GAATGAAGTTTAGCTG.1","IGHV4-39","IGHJ6","CASKLGLELWFREFDYYYYMDVW",1,"single 212"
"GAATGAATCTACTTAC.1","IGHV3-7","IGHJ6","CARGSDFSGWYFLVSYYYYMDVW",1,"cluster 23"
"GACACGCGTGAAATCA.1","IGHV3-21","IGHJ3","CARALPEWGSYPTTLAFDIW",1,"single 213"
"GACACGCTCAGTGCAT.1","IGHV3-53","IGHJ4","CASADYW",1,"cluster 129"
"GACCAATGTCAAGCGA.1","IGHV4-34","IGHJ4","CARGELEELDYW",1,"single 214"
"GACCTGGCACAAGTAA.1","IGHV1-69","IGHJ4","CAATSIVYFDMSGFFNTLAYW",1,"cluster 90"
"GACCTGGGTCTAGAGG.1","IGHV1-18","IGHJ4","CAREGGRVLDPSDSW",1,"cluster 64"
"GACCTGGGTGGAAAGA.1","IGHV4-39","IGHJ4","CARHFRASIYYFDYW",1,"cluster 91"
"GACGCGTCATATGAGA.1","IGHV4-30-2","IGHJ4","CARDQSSGWSKYW",1,"single 215"
"GACGGCTAGAATTGTG.1","IGHV4-30-2","IGHJ4","CARVGARYYDFWSGYLDYW",1,"cluster 40"
"GACGGCTGTCTAGCCG.1","IGHV1-2","IGHJ5","CARASSSSPSRSSFPFDPW",1,"cluster 136"
"GACGTGCAGCGATAGC.1","IGHV1-46","IGHJ4","CARDKSPGVSDYW",1,"cluster 38"
"GACGTGCCAGCCAGAA.1","IGHV4-59","IGHJ5","CASLLEWFDPW",1,"cluster 137"
"GACGTGCGTGCCTGCA.1","IGHV5-51","IGHJ3","CARRLYSKNTGGGAFDIW",1,"cluster 131"
"GACGTTACACATCCGG.1","IGHV3-23","IGHJ4","CAKFHGGLYCSGGSCYEAPWSGDYW",1,"cluster 138"
"GACGTTATCTTCCTTC.1","IGHV4-39","IGHJ4","CAREATGSLDYW",1,"single 216"
"GACTAACAGCGAAGGG.1","IGHV3-15","IGHJ3","CTTDYCSDDSSGCNDAFDIW",1,"cluster 139"
"GACTAACCATTGCGGC.1","IGHV1-8","IGHJ4","CARGSRYDFRSGYHGGAGSPPDYW",1,"cluster 48"
"GACTACACATCACGAT.1","IGHV3-30","IGHJ3","CTKEAHYYNTSGYSGAFDMW",1,"single 217"
"GACTACATCTCCAACC.1","IGHV3-20","IGHJ3","CARRIGGSWELVESGAFDMW",2,"single 218"
"GACTGCGTCGCTGATA.1","IGHV3-43","IGHJ4","CAKASGPVPIALDNW",1,"cluster 140"
"GAGCAGAAGTCGATAA.1","IGHV4-34","IGHJ4","CARVRSRGVIIIGVFDYW",1,"cluster 85"
"GAGTCCGCAATGGAGC.1","IGHV4-61","IGHJ4","CARSSSWRYDPAFDYW",1,"cluster 125"
"GATCAGTGTGGCCCTA.1","IGHV4-39","IGHJ3","CAMIIAAVDIDIW",1,"single 219"
"GATCGATCAAATTGCC.1","IGHV1/OR15-1","IGHJ5","CVRSLTFSGSNPSW",1,"single 220"
"GATCGATGTAGTGAAT.1","IGHV5-51","IGHJ3","CARPSPHCSGGSCYLDAFDIW",1,"single 221"
"GATCGATTCCCTCAGT.1","IGHV4-34","IGHJ6","CARNLWQPRYYYYYMDVW",1,"cluster 96"
"GATCGCGAGCATCATC.1","IGHV3-49","IGHJ6","CTRDPIVVVPAAWYYYYMDVW",1,"single 222"
"GATCGCGTCAACCAAC.1","IGHV3-53","IGHJ4","CATKAGYCSGGSCYSYDYW",1,"cluster 113"
"GATCTAGGTGTAATGA.1","IGHV3-66","IGHJ6","CASGRSYYYMDVW",1,"single 223"
"GATCTAGGTTCGGGCT.1","IGHV1-18","IGHJ6","CARAGGNYDILTGYFTNYYYMDLW",1,"cluster 86"
"GATCTAGTCCCGGATG.1","IGHV1-18","IGHJ6","CARSADYCSSTSCYLYYYYYYMDVW",1,"cluster 86"
"GATGAAAAGAATTGTG.1","IGHV4-34","IGHJ4","CAREMYYGSGSSYYFDYW",1,"cluster 85"
"GATGAAACAGATGGGT.1","IGHV3-23","IGHJ6","CAKGLAGFSYSTIESW",1,"single 224"
"GATGAGGAGTGTTAGA.1","IGHV4-39","IGHJ5","CASPVYDCSGGSCYLSWFDPW",1,"single 225"
"GATGAGGGTTACAGAA.1","IGHV3-23","IGHJ4","CAKQTGSFYEYIWESYRRDASFDNW",1,"cluster 138"
"GATGCTAAGTATCTCG.1","IGHV4-59","IGHJ4","CARADRGYYDSAGFYYYFDYW",1,"cluster 76"
"GATGCTAGTCAACTGT.1","IGHV4-34","IGHJ6","CARGTRQWLVQRPYYYYMDVW",1,"cluster 89"
"GATGCTATCAGTACGT.1","IGHV3-33","IGHJ4","CAREGYGSGW",1,"single 226"
"GATTCAGCAGTACACT.1","IGHV1-46","IGHJ3","CISTRVGVATIADAFAIW",1,"cluster 87"
"GCAAACTTCGCATGGC.1","IGHV3-48","IGHJ6","CARVGQLGPTDYFYMDVW",1,"single 227"
"GCAATCAAGCTACCGC.1","IGHV3-48","IGHJ4","CARGYYDSSGSFGHW",1,"single 228"
"GCAATCAGTAAGTAGT.1","IGHV4-61","IGHJ3","CARGGAYDSSGYYYENAFDIW",1,"single 229"
"GCACATAGTGCGCTTG.1","IGHV3-15","IGHJ6","CTTDALWFRELDYYYYMDVW",1,"cluster 32"
"GCACTCTCAGCTATTG.1","IGHV4-61","IGHJ3","CARGRYRRSWFAWGFDFW",1,"single 230"
"GCAGCCAGTCGTTGTA.1","IGHV1-18","IGHJ4","CGRDRAGTSLYPDYW",1,"cluster 64"
"GCAGTTAAGAATTGTG.1","IGHV3-30","IGHJ6","CAKDYDFWSGYYRYYYYYYMDVW",1,"single 231"
"GCAGTTAGTGCTAGCC.1","IGHV1-69D","IGHJ4","CGCQPASWVRCGGDCYFDYW",1,"cluster 1"
"GCAGTTATCGTTTAGG.1","IGHV3-43","IGHJ1","CTKELYSTALVPMAPFQHW",1,"single 232"
"GCAGTTATCTCGTTTA.1","IGHV3-64D","IGHJ3","CVKERVGWGRYDAFDFW",1,"single 233"
"GCATACAAGATGTTAG.1","IGHV3-33","IGHJ4","CAKVSSGSWGIFDYW",1,"cluster 27"
"GCATGATAGACTAGGC.1","IGHV3-43","IGHJ4","CAKGWRDYDSSGSYFDYW",1,"single 234"
"GCATGATGTATAATGG.1","IGHV3-23","IGHJ1","CAKRGVYSSSCSVDFQYW",1,"single 235"
"GCATGATTCTAACTCT.1","IGHV1-18","IGHJ5","CARGSAAGIYVGGNNWFDPW",1,"single 236"
"GCATGCGTCGTAGGTT.1","IGHV3-20","IGHJ6","CVKGQLAAADTRDYMDVW",1,"cluster 21"
"GCCAAATGTCCCGACA.1","IGHV1-24","IGHJ3","CVIEGYYFDGSGYSRHAFDIW",2,"single 237"
"GCCTCTAAGACTCGGA.1","IGHV4-39","IGHJ4","CARVGRYGDRLDYW",1,"cluster 121"
"GCCTCTAGTTTAAGCC.1","IGHV3-33","IGHJ4","CARMYYYGSGSFFDYW",1,"cluster 92"
"GCCTCTATCGCATGGC.1","IGHV3-33","IGHJ6","CAKDYKQLVRNYYYYMDVW",1,"cluster 127"
"GCGACCACACGCATCG.1","IGHV3-48","IGHJ5","CARDLKSGPDGGRATYPRAMNWFDPW",1,"single 238"
"GCGAGAAAGAATTGTG.1","IGHV1-46","IGHJ4","CARDPVFIAAAGPFDYW",1,"cluster 22"
"GCGAGAAAGTTCGCAT.1","IGHV2-5","IGHJ4","CAHSPAGTTGIFDYW",1,"single 239"
"GCGAGAACACTCGACG.1","IGHV2-70","IGHJ6","CARVTTRTYYYYMDVW",1,"single 240"
"GCGCAACAGTGCCAGA.1","IGHV5-10-1","IGHJ6","CARHTTVGATRYYYYYMDVW",1,"single 241"
"GCGCAACTCAGGTTCA.1","IGHV1-46","IGHJ4","CARDPPHSLRYFVPPFDYW",1,"cluster 18"
"GCGCAGTCAATACGCT.1","IGHV5-51","IGHJ5","CARLGYCSSTSCYGWFDPW",1,"single 242"
"GCGCGATCACCAGTTA.1","IGHV3-21","IGHJ3","CARDITDSGSYLAAPDDAFDIW",1,"single 243"
"GCGCGATCACGGTAGA.1","IGHV1-18","IGHJ3","CVRVLYRGDAFDVW",1,"cluster 141"
"GCGCGATCATGGGACA.1","IGHV3-33","IGHJ4","CARDLDSSGWYYFDYW",1,"cluster 92"
"GCGCGATGTAGTAGTA.1","IGHV3-33","IGHJ6","CARGRPEKTLDSSGYYGLYYYYYMDVW",1,"single 244"
"GCGCGATTCATAGCAC.1","IGHV3-64D","IGHJ3","CVKDSGDKCRGSDCIVGNDAFDIW",1,"single 245"
"GCGGGTTGTTCCATGA.1","IGHV3-23","IGHJ4","CAKGRPLLWFGEPYDYW",1,"cluster 84"
"GCGGGTTTCGACCAGC.1","IGHV3-64D","IGHJ4","CVKVSTYYDFWSDLGPFDYW",1,"single 246"
"GCTCCTAAGATAGCAT.1","IGHV1-18","IGHJ4","CARGPNDYGDHADFDYW",1,"cluster 13"
"GCTCCTAGTGCGAAAC.1","IGHV4-59","IGHJ3","CARDRSVVPRAFDIW",1,"single 247"
"GCTCTGTAGAAGAAGC.1","IGHV4-39","IGHJ4","CARDYYDSSGYPRVDYW",1,"cluster 14"
"GCTCTGTTCGAATGGG.1","IGHV4-34","IGHJ4","CARGATDLKDKYYYDSSGYYNLLNW",1,"single 248"
"GCTCTGTTCTCCCTGA.1","IGHV3-48","IGHJ4","CARDPPSTVWYYFDYW",1,"cluster 109"
"GCTGCAGAGAAACCAT.1","IGHV5-51","IGHJ4","CARRKRDSSSWGLNYFDYW",1,"cluster 123"
"GCTGCAGAGAGGACGG.1","IGHV1-18","IGHJ3","CARGSVLLWFRELLNAFDIW",1,"single 249"
"GCTGCAGTCTATCCCG.1","IGHV4-30-2","IGHJ5","CAREGFNYGSGENANWFDPW",1,"cluster 16"
"GCTGCGAGTAGCTAAA.1","IGHV4-39","IGHJ5","CARHTIFGVVPISFDPW",1,"single 250"
"GCTGGGTCATAGACTC.1","IGHV1-69D","IGHJ6","CASGAFDYVWGSYRSNHYYYYYYMDVW",1,"cluster 69"
"GCTGGGTGTACAGCAG.1","IGHV3-53","IGHJ4","CARERWGEGGVAVHYW",1,"single 251"
"GCTTCCACAATGCCAT.1","IGHV4-39","IGHJ4","CARVRSVWGGKHYFDYW",1,"cluster 14"
"GCTTCCAGTGAGGGAG.1","IGHV3-7","IGHJ4","CARDWERGSYPLDYW",1,"cluster 142"
"GCTTGAAAGCGTCAAG.1","IGHV3-43","IGHJ4","CAKDSSDTSSSVDKW",1,"cluster 140"
"GCTTGAACAGATCTGT.1","IGHV3-23","IGHJ3","CAKSDYYDSSGYSEDAFDIW",1,"single 252"
"GCTTGAAGTCATCCCT.1","IGHV3-23","IGHJ4","CAKIEGRGIFGVRYYFDYW",1,"cluster 107"
"GCTTGAAGTCGAGATG.1","IGHV3-33","IGHJ4","CARDLGGRGVPAVVFDYW",1,"cluster 10"
"GCTTGAATCTACTCAT.1","IGHV4-34","IGHJ4","CARFLSQRGYSYGIRPFDYW",1,"cluster 79"
"GGAACTTGTAAGCACG.1","IGHV4-4","IGHJ4","CARDQAAYYYDSSGYGYW",1,"single 253"
"GGAATAACAGACGCCT.1","IGHV4-34","IGHJ4","CARSRDGYNPFDYW",1,"cluster 26"
"GGAATAAGTGAACCTT.1","IGHV3-33","IGHJ4","CLLEGSSSYYYRYDFDYW",1,"cluster 10"
"GGAATAAGTTAGGGTG.1","IGHV3-49","IGHJ6","CTRDPAYYDNSGYSELWSQYYYYMDVW",1,"single 254"
"GGAATAAGTTGTACAC.1","IGHV5-51","IGHJ4","CARHYRHYYDSSGLDYW",1,"cluster 7"
"GGACAAGAGCAGATCG.1","IGHV2-70","IGHJ1","CARGETYYYEGGRYRAEFLQTW",1,"single 255"
"GGACAGAGTCCGCTGA.1","IGHV3-23","IGHJ4","CAKGRYDDMLSGYYNPGGR",1,"single 256"
"GGACATTAGTGCCAGA.1","IGHV3-74","IGHJ4","CARDRKLAYYDEYYFDYW",1,"single 257"
"GGACATTGTCTAGCCG.1","IGHV4-59","IGHJ6","CAKSTGSQQYSYYYHYMDVW",1,"cluster 28"
"GGACGTCAGCTAGTGG.1","IGHV4-34","IGHJ4","CASRFYGSGRTHW",1,"single 258"
"GGACGTCGTAAGTGTA.1","IGHV3-7","IGHJ4","CARSDYYDSSGYYYEGDYW",1,"single 259"
"GGACGTCGTAGCTCCG.1","IGHV5-10-1","IGHJ6","CARHSPDDYGDYVLGYYYYMDVW",1,"single 260"
"GGACGTCGTAGCTGCC.1","IGHV4-34","IGHJ4","CARGSLYYGPSGLLARGFFDYW",1,"cluster 105"
"GGAGCAAGTACGCACC.1","IGHV1-2","IGHJ5","CARDLRYGDYDGTRWFDSW",1,"cluster 136"
"GGATGTTCAGTATGCT.1","IGHV3-33","IGHJ4","CAREERYGDYLDRVEEQWDPIDYW",1,"single 261"
"GGATTACTCCAATGGT.1","IGHV3-73","IGHJ4","CTRLLSVDIVATTSGW",1,"single 262"
"GGATTACTCCCAGGTG.1","IGHV3-33","IGHJ6","CARNWGSGRGAGDVW",1,"cluster 143"
"GGCAATTTCAGGCGAA.1","IGHV3-23","IGHJ4","CAKDHSYYDSSGYYGRW",1,"cluster 84"
"GGCCGATCAAAGGTGC.1","IGHV3-33","IGHJ1","CAREIGGGGYGGENYW",1,"cluster 81"
"GGCCGATCAGCTGCTG.1","IGHV3-48","IGHJ4","CARGSGYEWEPLPQYYFDLW",1,"cluster 100"
"GGCGACTGTCCAGTGC.1","IGHV3-7","IGHJ3","CASTTHIVVVPAASSAFDIW",1,"single 263"
"GGCGTGTGTACCGTAT.1","IGHV2-5","IGHJ4","CAHRLASTALWDYW",1,"single 264"
"GGCTCGAAGGCGCTCT.1","IGHV3-23","IGHJ4","CAKDSSSWPNYFDYW",1,"cluster 104"
"GGCTCGATCCAAGTAC.1","IGHV5-51","IGHJ1","CARASEDGNTRW",1,"single 265"
"GGGAATGGTCGAGTTT.1","IGHV1-46","IGHJ3","CARETRRYCSGPTCYHDSFDIW",1,"single 266"
"GGGAATGTCGAACTGT.1","IGHV4-31","IGHJ6","CARAGGYYNHYYYYYMDVW",1,"single 267"
"GGGACCTCATCACAAC.1","IGHV1-8","IGHJ4","CTRGVYSSSPQSAHW",1,"single 268"
"GGGACCTGTACTTGAC.1","IGHV3-7","IGHJ4","CARDKVVDGYPYSRYW",1,"cluster 57"
"GGGACCTTCGAACGGA.1","IGHV5-51","IGHJ4","CGRLGDIDTGFDYW",1,"cluster 33"
"GGGAGATCAGTCCTTC.1","IGHV1-8","IGHJ4","CARSLGDFWGGYGDYW",1,"single 269"
"GGGAGATGTTCACCTC.1","IGHV5-51","IGHJ4","CARLGSSVWYEVNYW",1,"cluster 68"
"GGGATGACAAATTGCC.1","IGHV4-34","IGHJ4","CARGAKYSGYFSAGGGSVYLDYW",1,"cluster 126"
"GGGATGAGTGCCTGGT.1","IGHV5-51","IGHJ5","CARTQMGVRGANSNNWFDPW",1,"single 270"
"GGGATGATCCATGAAC.1","IGHV3-30","IGHJ4","CAKDSFPGDDFWSGYDYW",1,"single 271"
"GGGCACTAGCTTCGCG.1","IGHV4-39","IGHJ4","CARLKGIAAAGTPGIDYW",1,"single 272"
"GGGCACTCACGGCGTT.1","IGHV1-18","IGHJ4","CASNVGATPSSYW",1,"single 273"
"GGGCACTTCTAACCGA.1","IGHV3-11","IGHJ4","CARRSGSGWYTHVDYW",1,"cluster 144"
"GGGCATCAGCACACAG.1","IGHV4-59","IGHJ4","CAREHSSGYIDYW",1,"cluster 102"
"GGGTCTGAGAGTTGGC.1","IGHV1-24","IGHJ4","CATGWAMIDYW",1,"single 274"
"GGGTCTGGTTAAGGGC.1","IGHV1-46","IGHJ3","CARGSSTANGGDPGRIPFDIW",1,"cluster 145"
"GGGTTGCAGCGACGTA.1","IGHV3-21","IGHJ4","CASEYLLSESNFDYW",1,"single 275"
"GGTGCGTAGCAGCCTC.1","IGHV4-34","IGHJ6","CARAPPHVQRNYYYYMDVW",1,"cluster 101"
"GGTGCGTCATGAGCGA.1","IGHV4-59","IGHJ4","CAAMDRSNWRTRGFEYW",1,"cluster 110"
"GGTGTTAAGGATATAC.1","IGHV1-69D","IGHJ4","CARQWGAFKMATIGDW",1,"cluster 146"
"GGTGTTAAGTGACTCT.1","IGHV5-51","IGHJ3","CARGYYDSSGYSSSAFDIW",1,"cluster 114"
"GGTGTTAGTCTGGAGA.1","IGHV3-23","IGHJ4","CAKDGAYYDYIWGSYRSNEPAFDYW",1,"cluster 138"
"GTAACGTAGATAGCAT.1","IGHV3-21","IGHJ5","CMTHAYFDSRGTNQGGGSW",1,"single 276"
"GTAACTGAGTCATCCA.1","IGHV3-21","IGHJ6","CARVDTAMDASLVYYYYYMDVW",1,"single 277"
"GTAACTGCACAGGTTT.1","IGHV3-15","IGHJ4","CTTEFEVSYYGNGGHTYYFDHW",1,"single 278"
"GTAACTGGTTTAGGAA.1","IGHV4-61","IGHJ5","CARDIVVVPAAMVYLGWFDPW",1,"single 279"
"GTAACTGTCCGCGGTA.1","IGHV1-69D","IGHJ6","CARARGLQWVVDYYYMDVW",1,"single 280"
"GTAACTGTCTGTCAAG.1","IGHV3-49","IGHJ4","CTRDPRYSYSVGSEGFDYW",1,"cluster 147"
"GTACGTATCAGTTCGA.1","IGHV2-5","IGHJ6","CAHLRHYDPTYYMDVW",1,"single 281"
"GTACGTATCGGCGCAT.1","IGHV1-69D","IGHJ3","CARGRYRILSETPNPSNAFDIW",1,"single 282"
"GTACTCCAGTCGTACT.1","IGHV3-15","IGHJ5","CTTDIPLWGDYYDSSGRDSW",1,"single 283"
"GTACTCCAGTGCAAGC.1","IGHV1-2","IGHJ2","CARDPSTVSYELGTDWYLDLW",1,"single 284"
"GTACTCCCAATAGCGG.1","IGHV4-39","IGHJ4","CARHREAGYSSGWPFDSW",1,"single 285"
"GTACTTTGTTGATTCG.1","IGHV4-34","IGHJ4","CARGRAQLYYSSGWYSPYGDYW",1,"cluster 105"
"GTAGGCCTCACTTCAT.1","IGHV4-59","IGHJ5","CAQHLGGSGISW",1,"cluster 137"
"GTATTCTAGCCCGAAA.1","IGHV4-61","IGHJ3","CARVYESSNDAFDIW",1,"single 286"
"GTATTCTTCGGCATCG.1","IGHV3-23","IGHJ6","CAKNVGGFYDHGTMYHVDVW",1,"cluster 31"
"GTCACAATCAACGGGA.1","IGHV4-61","IGHJ3","CARELSILLYGRSSGAFDMW",1,"single 287"
"GTCACGGCAGTAGAGC.1","IGHV4-39","IGHJ4","CARDSRALVVPDYW",1,"cluster 121"
"GTCACGGGTAGGCATG.1","IGHV1-46","IGHJ3","CARSKGSSFSYSGRWDAFDIW",1,"cluster 145"
"GTCACGGTCGCATGAT.1","IGHV3-49","IGHJ6","CTRDDLLGVQRQSGYYYYYMDVW",1,"single 288"
"GTCATTTCACTGTTAG.1","IGHV3-48","IGHJ3","CARDSNRGAVAGISLSVPKMFDIW",1,"single 289"
"GTCATTTTCATCATTC.1","IGHV3-7","IGHJ4","CATELWGPVNW",1,"cluster 148"
"GTCCTCAAGACTAGGC.1","IGHV3-33","IGHJ4","CARDMREMCSGGSCSYYFDYW",1,"cluster 149"
"GTCGGGTAGCTGAACG.1","IGHV3-23","IGHJ4","CAKDHLPYSGSFSPPKYFDYW",1,"single 290"
"GTCGTAAAGAAGGACA.1","IGHV3-7","IGHJ5","CARVVGATISWFDPW",1,"single 291"
"GTCGTAAGTCCGTTAA.1","IGHV1-69D","IGHJ6","CARAGWSDILAGYYYYYMDVW",1,"cluster 150"
"GTCGTAAGTTCCACGG.1","IGHV1-46","IGHJ4","CARDHATAIKGVGYW",1,"cluster 60"
"GTCGTAAGTTCGCGAC.1","IGHV1-69","IGHJ4","CATSHYYESSGYHYFDYW",1,"single 292"
"GTCGTAATCTGCTTGC.1","IGHV3-20","IGHJ3","CARDGIAAVGTFAFDIW",1,"single 293"
"GTCTTCGAGAAACCGC.1","IGHV3-48","IGHJ4","CAREGHGDFVGDSFFDHW",1,"single 294"
"GTCTTCGTCGCCCTTA.1","IGHV3-21","IGHJ6","CARDGYNYYYYYYYMDVW",1,"single 295"
"GTGAAGGCAACTGCGC.1","IGHV4-39","IGHJ6","CARGFSLSPLDYMDVW",1,"single 296"
"GTGCAGCGTCCGAGTC.1","IGHV3-15","IGHJ4","CTTDPQYYYDSSGFDYW",1,"cluster 111"
"GTGCGGTCATACTACG.1","IGHV4-34","IGHJ4","CASRCWGYYCRRYNWDYW",1,"cluster 85"
"GTGCTTCGTCTGGAGA.1","IGHV4-34","IGHJ4","CARGHYDYIWGSYRLAFDYW",1,"cluster 79"
"GTGGGTCCAAGTACCT.1","IGHV4-34","IGHJ6","CARGREAPDYYYYMDVW",1,"cluster 106"
"GTGGGTCCACGGCGTT.1","IGHV1-3","IGHJ4","CARGFYESRSLDYW",1,"single 297"
"GTGGGTCTCATGGTCA.1","IGHV3-7","IGHJ4","CARETWEKGDYGGNSGLDYW",1,"single 298"
"GTGTTAGTCGTACCGG.1","IGHV3-15","IGHJ4","CTTAMIVASG",1,"cluster 53"
"GTTAAGCAGAGCTATA.1","IGHV1-46","IGHJ6","CARAGSYGFRGVMDVW",1,"single 299"
"GTTAAGCAGTTAGGTA.1","IGHV6-1","IGHJ4","CARDGNYSDTWGFYFW",1,"cluster 151"
"GTTACAGGTGCTGTAT.1","IGHV4-30-2","IGHJ6","CARDSYYDSSGYQKRMDVW",1,"single 300"
"GTTCATTAGCCCAACC.1","IGHV3-48","IGHJ4","CARDGPRFTSTRIDYW",1,"cluster 109"
"GTTCGGGCACATAACC.1","IGHV1-18","IGHJ6","CARDLGGLGRILRPPYYYMDVW",1,"single 301"
"GTTCTCGAGCATCATC.1","IGHV2-70","IGHJ5","CARIQVGYSFPGKDWFDPW",1,"single 302"
"GTTCTCGGTCAAGCGA.1","IGHV3-53","IGHJ4","CARELRQNGDYW",1,"single 303"
"TAAACCGCAGCTGTGC.1","IGHV3-15","IGHJ3","CTTDTSKVAYCGGDCYNAFDIW",1,"single 304"
"TAAACCGGTGTGAAAT.1","IGHV3-30","IGHJ6","CAKDCPVRICYYMDVW",1,"single 305"
"TAAACCGGTTACGCGC.1","IGHV4-34","IGHJ5","CARTYCSTPNCSRRRYSWFDPW",1,"cluster 124"
"TAAACCGTCACGCGGT.1","IGHV1-69D","IGHJ4","CASATYCGGECYGVAFDYW",1,"cluster 130"
"TAAGAGAGTTAAGATG.1","IGHV1-46","IGHJ5","CARDHAGGITMIPGRNWFESW",1,"single 306"
"TAAGAGATCATCTGTT.1","IGHV3-48","IGHJ4","CARRIIGGVIVEEYYFDYW",1,"single 307"
"TAAGAGATCGGGAGTA.1","IGHV3-33","IGHJ5","CARDLSAYSSGFNPW",1,"single 308"
"TAAGTGCGTTGGGACA.1","IGHV3-53","IGHJ3","CARERSGWSDAFDIW",1,"single 309"
"TACCTTAAGATGGGTC.1","IGHV4-34","IGHJ4","CARTYCGGDCSPFDYW",1,"cluster 15"
"TACCTTAAGTGATCGG.1","IGHV3-72","IGHJ2","CARFYDSSGYEEWYFDLW",1,"single 310"
"TACCTTACAGCTGGCT.1","IGHV3-23","IGHJ3","CAKVLYGFNAFDMW",1,"cluster 43"
"TACCTTAGTGATAAGT.1","IGHV3-49","IGHJ4","CGRVSSGYCSSTSCSPVDYW",1,"single 311"
"TACCTTATCAGCTCTC.1","IGHV4-39","IGHJ4","CARFHSSSSFDYW",1,"cluster 119"
"TACCTTATCATCGCTC.1","IGHV3-13","IGHJ6","CARVLHSSSWYGGYYYYYMDVW",1,"single 312"
"TACGGATTCACCCGAG.1","IGHV3-74","IGHJ4","CARGQYYDILTGYSPADYW",1,"single 313"
"TACGGATTCTGCGTAA.1","IGHV1-3","IGHJ4","CARDYSNGWFAYYFDYW",1,"single 314"
"TACGGGCGTATGAAAC.1","IGHV4-31","IGHJ4","CAREDLSLSLYYFDYW",1,"single 315"
"TACGGTAAGACTAGAT.1","IGHV4-34","IGHJ5","CARGRRGYCSSTSCRKNWFDPW",1,"cluster 124"
"TACTCGCAGCTAAGAT.1","IGHV4-39","IGHJ6","CARDAVYAIRSYYYYYMDVW",1,"cluster 49"
"TACTCGCCACATCTTT.1","IGHV1-69D","IGHJ6","CAREPRYSTSSEYYQYMDVW",1,"single 316"
"TACTCGCCACCATCCT.1","IGHV1-69D","IGHJ4","CARENVDLEVALHYFDFW",1,"single 317"
"TACTCGCTCGGACAAG.1","IGHV3-73","IGHJ5","CTIGSRNWFDPW",1,"single 318"
"TACTTACAGTGGTCCC.1","IGHV3-33","IGHJ6","CARGEGGGYYYMDAW",1,"cluster 143"
"TACTTGTCAATGGTCT.1","IGHV4-59","IGHJ4","CARASAEGLVDYW",1,"cluster 102"
"TACTTGTGTGCCTGGT.1","IGHV1-24","IGHJ6","CATLSPVGRVIYYYYYMDVW",1,"single 319"
"TAGACCAAGAAACCTA.1","IGHV3/OR16-12","IGHJ6","CAKDKTTGANSNYFYYYMDVW",1,"single 320"
"TAGACCAAGCAGGTCA.1","IGHV4-34","IGHJ3","CARARLLWFGELLYRSAFDIW",1,"cluster 37"
"TAGACCAAGTCGTACT.1","IGHV1-2","IGHJ4","CARDGAAAGTRFGYW",1,"cluster 65"
"TAGACCACAATAGAGT.1","IGHV4-39","IGHJ4","CARVDYYGSGSYYRGDSYW",1,"cluster 78"
"TAGACCATCCCGGATG.1","IGHV3-66","IGHJ4","CARSEHDYYDRAGYRYPLTFDYW",1,"single 321"
"TAGAGCTCAAAGGTGC.1","IGHV3-7","IGHJ4","CARPSSGYYYYFDYW",1,"cluster 142"
"TAGAGCTGTAGGCATG.1","IGHV3-7","IGHJ4","CSSGDYFDYW",1,"cluster 148"
"TAGAGCTGTCAAGCGA.1","IGHV4-39","IGHJ4","CARGRTVCGYFDYW",1,"cluster 121"
"TAGAGCTGTGATAAGT.1","IGHV1-2","IGHJ5","CARHYGDYINWFDPW",1,"single 322"
"TAGAGCTTCAATAAGG.1","IGHV1-2","IGHJ6","CARELTGYLPNYFYYYMDVW",1,"single 323"
"TAGCCGGAGAGCTTCT.1","IGHV5-51","IGHJ6","CARQGGFIAAAGIYRYYYYMDVW",1,"cluster 152"
"TAGCCGGTCTTGTCAT.1","IGHV5-51","IGHJ4","CATMKGKDYYDSSGYTVDYW",1,"cluster 123"
"TAGGCATTCACAGGCC.1","IGHV3-49","IGHJ4","CTRDRGPLTGYYNVVYDDSPSFDYW",1,"single 324"
"TAGTGGTAGATAGCAT.1","IGHV4-59","IGHJ6","CARWSAAAGRGYYYYYYMDVW",1,"cluster 153"
"TAGTGGTGTGTGACGA.1","IGHV4-39","IGHJ5","CARGDDFEGFDPW",1,"cluster 154"
"TAGTGGTTCTGGCGTG.1","IGHV3-23","IGHJ4","CAKLGVVVIAIEFDYW",1,"cluster 58"
"TAGTGGTTCTTCATGT.1","IGHV4-39","IGHJ4","CAREMANPFLEWLSQYFDYW",1,"cluster 120"
"TAGTTGGAGCGGCTTC.1","IGHV3-23","IGHJ4","CAKDPSVVYAIDRFLDVDYW",1,"cluster 39"
"TAGTTGGAGTGTCCAT.1","IGHV3-43","IGHJ6","CAKARVSAVYYYMDVW",1,"cluster 155"
"TATCAGGAGACTAGAT.1","IGHV1-3","IGHJ5","CASSGNYYDSSGYLPSPFDPW",1,"cluster 41"
"TATCAGGAGAGGGCTT.1","IGHV4-34","IGHJ5","CARGRRYYYGSGSYYQRAANWFDPW",1,"single 325"
"TATCAGGCACAGACTT.1","IGHV3-74","IGHJ4","CARRPGYW",1,"cluster 134"
"TATCAGGTCTTGCAAG.1","IGHV1-69D","IGHJ3","CARDARIAARPGGAFDIW",1,"single 326"
"TATCTCAAGGATATAC.1","IGHV3-53","IGHJ5","CARDQATGTTSWFDPW",1,"single 327"
"TATCTCAAGGGTATCG.1","IGHV3-30","IGHJ4","CAKDFRVGAPDYW",1,"single 328"
"TATCTCAAGTACACCT.1","IGHV3-15","IGHJ3","CTTRDYDYIWGSYYDAFDIW",1,"cluster 139"
"TATCTCACACTCTGTC.1","IGHV4-39","IGHJ4","CARGVYDFWSGNQLYYFDYW",1,"cluster 120"
"TATCTCATCTGTACGA.1","IGHV1-18","IGHJ5","CARDSRWELLRPWFDPW",1,"single 329"
"TATTACCCAGCGTTCG.1","IGHV4-39","IGHJ6","CARGGSDEDIYYFYYMDAW",1,"cluster 98"
"TATTACCTCCAAACAC.1","IGHV1-8","IGHJ2","CARVSRSSSSWYFDLW",1,"single 330"
"TCAACGAGTAGGGTAC.1","IGHV3-7","IGHJ4","CARETPPESSGYYLLDHW",2,"cluster 133"
"TCAATCTAGTGGCACA.1","IGHV3-11","IGHJ3","CAREQYYGSETYNDAFDIW",1,"single 331"
"TCAATCTGTTAGAACA.1","IGHV3-53","IGHJ4","CARVLRRRGYSGYGPLDYW",1,"cluster 113"
"TCAATCTTCTTCTGGC.1","IGHV3-30","IGHJ3","CAKAEGECSGGSCSLFAFDIW",1,"single 332"
"TCACAAGAGACTTGAA.1","IGHV1-69D","IGHJ6","CAHYSGYDYGYYYMDVW",1,"single 333"
"TCACAAGCACTGCCAG.1","IGHV1-18","IGHJ4","CARDRINIGVAGTGGLDYW",1,"cluster 44"
"TCACGAAGTAACGCGA.1","IGHV5-51","IGHJ4","CARRVVGFGEGDYW",1,"cluster 33"
"TCACGAAGTCTTCAAG.1","IGHV4-39","IGHJ6","CARVAVQGVITFYYYYYMDVW",1,"single 334"
"TCAGATGTCTCGTATT.1","IGHV4-34","IGHJ6","CARGRKVRGVGSAYYYYYMDVW",1,"cluster 122"
"TCAGCAACAGGTGGAT.1","IGHV1-18","IGHJ4","CARGALGPGYYDFWSGQEYYFDYW",1,"single 335"
"TCAGCAAGTAGTGAAT.1","IGHV1-8","IGHJ4","CARGWDIRSAASSIPRGVHDYW",1,"single 336"
"TCAGCAATCCAATGGT.1","IGHV3-33","IGHJ6","CAKVPRFLEWSIEGYYMDVW",1,"single 337"
"TCAGCTCGTGGCTCCA.1","IGHV3-33","IGHJ6","CARAPLHSNSDYYYYMDVW",1,"cluster 127"
"TCAGCTCTCACGAAGG.1","IGHV4-34","IGHJ6","CARRPIITFGGVIVIRRGFYMDVW",1,"cluster 51"
"TCAGCTCTCTGCTGCT.1","IGHV4-39","IGHJ4","CARVYYSPLRMGKEYFDYW",1,"cluster 78"
"TCAGGATAGCGATAGC.1","IGHV6-1","IGHJ4","CARYRRDDGSFDYW",1,"single 338"
"TCAGGATGTCTTGATG.1","IGHV3-53","IGHJ3","CVSGLIPVALDAFDIW",1,"cluster 97"
"TCAGGATGTGCGAAAC.1","IGHV3-30","IGHJ4","CAKHCGGGCESDYW",1,"single 339"
"TCATTACCACAACTGT.1","IGHV3-23","IGHJ4","CAKDRGDWNYQFDSW",1,"single 340"
"TCATTACGTGTCTGAT.1","IGHV3-43","IGHJ2","CTKGRTGTIRSAYFDHW",1,"single 341"
"TCATTTGAGAGACTAT.1","IGHV1-18","IGHJ4","CARDHLSGAPIDYW",1,"single 342"
"TCATTTGAGCTGTTCA.1","IGHV1-18","IGHJ4","CARDIEGNNYYISGSLDHW",1,"single 343"
"TCATTTGGTAAGTGGC.1","IGHV4-4","IGHJ4","CAREQFSSGLTGRFDYW",1,"single 344"
"TCATTTGTCCGTACAA.1","IGHV3-21","IGHJ4","CARVSDRDYSSGWYFEYW",1,"single 345"
"TCCACACCACCAACCG.1","IGHV5-51","IGHJ3","CASPSHGSGRGPAFDIW",1,"single 346"
"TCCACACGTCTGGAGA.1","IGHV3-11","IGHJ6","CARDRRGASGSIYYYYFMDVW",1,"single 347"
"TCCACACGTGCATCTA.1","IGHV1-2","IGHJ4","CARGHLGW",1,"single 348"
"TCCACACTCAGCATGT.1","IGHV3-64","IGHJ6","CARARIAVAGSQRYYYYVDVW",1,"single 349"
"TCCCGATCAATCACAC.1","IGHV4-34","IGHJ6","CARGTRGGFRYSSSWGPYYYIDVW",1,"cluster 51"
"TCCCGATGTTCCATGA.1","IGHV1-3","IGHJ4","CARAVEMATMLNW",1,"single 350"
"TCCCGATTCCACTGGG.1","IGHV3-7","IGHJ4","CARGLRYFDYW",1,"cluster 148"
"TCCCGATTCCTTGGTC.1","IGHV4-34","IGHJ6","CARAGITIFGVVLYYYYMDVW",1,"cluster 89"
"TCGAGGCAGACCTTTG.1","IGHV1-46","IGHJ4","CASSSPPGIAVAGTSAGADYW",1,"single 351"
"TCGCGTTGTAGCGCAA.1","IGHV3-21","IGHJ2","CARGRRVLAAAGKYYWYFDLW",1,"single 352"
"TCGGGACCACCAACCG.1","IGHV1-2","IGHJ2","CANTGIAAAGTFTKGADWYFDLW",1,"single 353"
"TCGGTAACACAGTCGC.1","IGHV3-43","IGHJ4","CAKDIGSSYGSSGWLAGFQFDYW",1,"cluster 156"
"TCGGTAACACGACTCG.1","IGHV3-30","IGHJ4","CATDRGVVASRFFEYW",1,"cluster 157"
"TCGTACCAGTACGTAA.1","IGHV1-2","IGHJ4","CARDSTYCTSALCPFDNW",1,"cluster 117"
"TCGTACCGTCCTAGCG.1","IGHV4-31","IGHJ4","CARDRDQQSFDYW",1,"single 354"
"TCGTAGAAGTCAAGGC.1","IGHV4-39","IGHJ4","CARPARVAGGPYYSW",1,"cluster 67"
"TCGTAGATCGTTGCCT.1","IGHV5-51","IGHJ6","CARHAVQVERDVWSWGPKSKSYYYMDVW",1,"cluster 93"
"TCTATTGAGATCGATA.1","IGHV3-21","IGHJ4","CATTSKTGNW",1,"single 355"
"TCTATTGAGATGTTAG.1","IGHV4-39","IGHJ4","CARDDYYDSSGYSGW",1,"cluster 67"
"TCTATTGAGCGCTCCA.1","IGHV1-69D","IGHJ6","CAGREVGSSPGLDYYYYMDVW",1,"cluster 150"
"TCTATTGCACCAGTTA.1","IGHV4-59","IGHJ6","CARVPSPTVTTAHYYYYMDVW",1,"cluster 153"
"TCTATTGGTGATGCCC.1","IGHV4-34","IGHJ4","CARGWWLRPFDYW",1,"cluster 99"
"TCTATTGTCATGTCCC.1","IGHV3-21","IGHJ4","CARWLRGGTGLWTSSNCYSCSAFYFW",1,"cluster 158"
"TCTATTGTCCGAACGC.1","IGHV3-23","IGHJ4","CAKSLMAVAGIRGNDYW",1,"cluster 84"
"TCTCATAAGTTGTCGT.1","IGHV3-15","IGHJ4","CTTDWGMTTVTTVDYW",1,"cluster 72"
"TCTCATACAACGATGG.1","IGHV3-43","IGHJ4","CAKGNPYNYYDSSGYYGGPLDYW",1,"cluster 156"
"TCTCATACATGCCTTC.1","IGHV5-51","IGHJ4","CARHEGRGHYYGSGSYHW",1,"single 356"
"TCTCATAGTTTGTTGG.1","IGHV3-49","IGHJ4","CTRDSTGGYPYGYPFFDYW",1,"cluster 147"
"TCTCTAACACGGTTTA.1","IGHV4-39","IGHJ6","CARHRHPDYGDFELLYNYLYYMDVW",1,"cluster 116"
"TCTCTAACAGTCGTGC.1","IGHV4-39","IGHJ4","CARDPYDYYDSSGSYLGDYW",1,"cluster 120"
"TCTGAGACATCACAAC.1","IGHV1-18","IGHJ4","CASQWGGATDYW",1,"single 357"
"TCTGAGAGTGGGTATG.1","IGHV3-53","IGHJ6","CARVYGQLVPSYYYYYMDVW",1,"cluster 36"
"TCTGAGATCAACTCTT.1","IGHV3-43","IGHJ6","CAKAGNSRSNDYFYYMDVW",1,"single 358"
"TCTGGAAAGAGACGAA.1","IGHV4-34","IGHJ1","CARGLRFWSGYYRAEYFQHW",1,"single 359"
"TCTGGAAGTCTGCCAG.1","IGHV5-51","IGHJ6","CARRSYSYGPREGYYYYYYMDVW",1,"cluster 152"
"TCTGGAATCAGCTCGG.1","IGHV3-33","IGHJ4","CAKEAKPGYFGIDYW",1,"cluster 27"
"TCTTCGGAGAATCTCC.1","IGHV1-46","IGHJ4","CARTYSSSSGLDYW",1,"cluster 35"
"TCTTCGGTCTAACTGG.1","IGHV1-2","IGHJ4","CARERRWFRARDFDYW",1,"cluster 159"
"TGAAAGAAGAACTCGG.1","IGHV3-53","IGHJ2","CARGMNQGLWYFDLW",1,"single 360"
"TGAAAGACATCCGGGT.1","IGHV4-34","IGHJ4","CARVSRGRSAGGRTMRFDYW",1,"cluster 79"
"TGAAAGACATTGGTAC.1","IGHV3-43","IGHJ4","CAISPSGDFWSGYNREW",1,"single 361"
"TGACAACGTCCCTTGT.1","IGHV4-31","IGHJ4","CAREEYYGSGIY",1,"single 362"
"TGACTAGAGATGAGAG.1","IGHV1-18","IGHJ4","CARVDCSSVTCYVDKNYW",1,"cluster 132"
"TGACTAGAGGCATGGT.1","IGHV3-48","IGHJ3","CASPALREVTGITGTTHFDIW",1,"single 363"
"TGACTAGTCGTACCGG.1","IGHV3-11","IGHJ4","CARDSYGAYSSGNDYW",1,"cluster 144"
"TGACTTTAGATGGCGT.1","IGHV3-23","IGHJ4","CASSASWELVYYFDFW",1,"single 364"
"TGACTTTCAAAGCGGT.1","IGHV3-48","IGHJ4","CARADIVVVPALLDYW",1,"cluster 109"
"TGACTTTCAATCTACG.1","IGHV4-61","IGHJ4","CARNPLSPILNHPHYYFDSW",1,"single 365"
"TGACTTTCACTTGGAT.1","IGHV1-2","IGHJ3","CARGPFSLSDAFDVW",1,"single 366"
"TGAGAGGAGGACCACA.1","IGHV1-46","IGHJ3","CARDGGGILGIW",1,"single 367"
"TGAGAGGCAAGAGGCT.1","IGHV3-23","IGHJ4","CAKNSVRYFDWLLYDYW",1,"cluster 84"
"TGAGCATGTCACACGC.1","IGHV2-70","IGHJ4","CSRNYFDNGRFFDNW",1,"single 368"
"TGAGCCGAGGGTATCG.1","IGHV4-28","IGHJ2","CARVWGAGYSSSWYELLVGYFDLW",1,"single 369"
"TGAGGGATCCTCTAGC.1","IGHV3-23","IGHJ3","CVKDQGVAVGYDDAFDMW",2,"single 370"
"TGATTTCCACCTTGTC.1","IGHV2-70","IGHJ3","CARAHSGSYTPYDAFDIW",1,"single 371"
"TGATTTCTCGGGAGTA.1","IGHV3-53","IGHJ6","CARGIAAAGPAGGGYYYYYYMDVW",1,"single 372"
"TGCACCTTCTCATTCA.1","IGHV3-11","IGHJ3","CAAGYNSFWYAFDIW",1,"single 373"
"TGCCAAAAGATCTGCT.1","IGHV1-18","IGHJ4","CARVGLEYSSSSKSVYW",1,"cluster 13"
"TGCCCATCAGTCTTCC.1","IGHV3-30","IGHJ4","CAKDSNPWLVDYFDYW",1,"cluster 157"
"TGCCCATTCAACTCTT.1","IGHV3-11","IGHJ4","CARVENSGYYGNFDYW",1,"cluster 144"
"TGCGCAGAGCTACCTA.1","IGHV4-34","IGHJ5","CARGGRKRQQLVLVRDWFDPW",1,"single 374"
"TGCGCAGGTACCGTTA.1","IGHV3-30","IGHJ4","CAKELLRYYDSSGYSLGYW",1,"single 375"
"TGCGCAGTCCGCTGTT.1","IGHV3-21","IGHJ5","CARGLKWDKYNWFDPW",1,"single 376"
"TGCGGGTAGAAGAAGC.1","IGHV6-1","IGHJ4","CARDSDGYSSGWFDYW",1,"cluster 151"
"TGCGTGGCACCTATCC.1","IGHV4-34","IGHJ4","CARGGLRWQMPTVFDYW",1,"cluster 108"
"TGCGTGGTCGGTTCGG.1","IGHV3-43","IGHJ4","CAKVPYSSSWYLGWYYFDYW",1,"single 377"
"TGCTACCCAGACGCCT.1","IGHV3-21","IGHJ4","CARDHISEGPHTCFDYW",1,"cluster 115"
"TGGACGCCAGTTCCCT.1","IGHV2-26","IGHJ5","CARIHFYRWNDGLSFDSW",1,"single 378"
"TGGCCAGGTCTCTCTG.1","IGHV3-33","IGHJ4","CAREWGIAAAVAPAFDYW",1,"cluster 10"
"TGGCCAGTCTAACTGG.1","IGHV3-48","IGHJ6","CARDFWDSRTWGYYYYYMDVW",1,"cluster 47"
"TGGCGCACAACAACCT.1","IGHV1-18","IGHJ3","CVRVLYRGDAFDIW",1,"cluster 141"
"TGGCGCACACCTCGTT.1","IGHV5-51","IGHJ6","CARQITLRFPEGGMYYYYYMDVW",1,"cluster 152"
"TGGCTGGAGTTTAGGA.1","IGHV1-69D","IGHJ4","CAKTPHGDYPNAFDSW",1,"cluster 146"
"TGGCTGGGTTCGAATC.1","IGHV4-34","IGHJ4","CARLGGMVVTPKADYFDYW",1,"cluster 63"
"TGGGAAGAGTGAACGC.1","IGHV1-69D","IGHJ4","CTRWATQAITAGFFDYW",1,"single 379"
"TGGGCGTAGTGGTAAT.1","IGHV3-43","IGHJ3","CAKDWGIEYTSSSTHAFDIW",1,"cluster 5"
"TGGTTAGGTACCGTAT.1","IGHV3-33","IGHJ4","CARLPPPRDLWLQLSQPENSGGVDHW",1,"single 380"
"TGGTTAGGTTGGGACA.1","IGHV4-61","IGHJ6","CARVVSGYDRRRGRYYYYYMDVW",1,"cluster 29"
"TGGTTCCAGTTAGCGG.1","IGHV1-69D","IGHJ4","CARGVYGANDYW",1,"cluster 74"
"TGGTTCCCATGCAACT.1","IGHV3-53","IGHJ6","CARFGGGSLYQYDYYYYYMDVW",1,"single 381"
"TGTATTCTCACCGGGT.1","IGHV3-33","IGHJ4","CAKDFRSWQHYYDSSGYCDYW",1,"cluster 149"
"TGTATTCTCCTACAGA.1","IGHV3-43","IGHJ3","CAKDVRYDTPGAFDIW",1,"single 382"
"TGTCCCAGTAAGGGCT.1","IGHV4-34","IGHJ4","CARGAGVTMIVVVIPFDYW",1,"cluster 63"
"TGTGGTAGTCTGCCAG.1","IGHV3-33","IGHJ4","CASSYASSGYDEVFDYW",1,"cluster 19"
"TGTGGTATCTCTGAGA.1","IGHV3-33","IGHJ4","CARGSVITLPPFDYW",1,"cluster 27"
"TGTGTTTCAAATACAG.1","IGHV3-7","IGHJ4","CARDRRGAYCGGDCYSGETFYFDYW",1,"single 383"
"TGTGTTTCATGCAATC.1","IGHV4-39","IGHJ5","CAQSVGVSGFDPW",1,"cluster 154"
"TGTGTTTGTGGTGTAG.1","IGHV1-2","IGHJ4","CARGGKITFGGVISFW",1,"cluster 159"
"TGTGTTTTCGGAAATA.1","IGHV3-23","IGHJ4","CAKGLIYSGSYYVYW",1,"cluster 104"
"TGTTCCGGTTATGTGC.1","IGHV3-33","IGHJ4","CAKDGVTIFGAVYYFDYW",1,"cluster 10"
"TGTTCCGTCAACTCTT.1","IGHV1-24","IGHJ5","CATDGGTTYENRLDSW",1,"single 384"
"TTAGGACGTCTAGGTT.1","IGHV5-51","IGHJ2","CARQGFKEGGYFDLW",1,"single 385"
"TTAGTTCAGTCCAGGA.1","IGHV1-24","IGHJ4","CVTDYEDDDYIEDW",1,"single 386"
"TTAGTTCAGTGACATA.1","IGHV4-34","IGHJ4","CASLWSVLFW",1,"cluster 71"
"TTATGCTCACCAGGTC.1","IGHV3-48","IGHJ4","CGRVGGTRQVEDFW",1,"single 387"
"TTATGCTCACCATGTA.1","IGHV3-23","IGHJ4","CAKTGSSGYYLIPFDYW",1,"cluster 84"
"TTCCCAGGTATAGTAG.1","IGHV3-15","IGHJ4","CGCYSDFIPFDYW",1,"single 388"
"TTCCCAGGTCGGGTCT.1","IGHV4-39","IGHJ5","CARDGGSPYYDFWSGYYYWFDPW",1,"single 389"
"TTCCCAGTCACGATGT.1","IGHV4-39","IGHJ4","CASHYGDYFFVSW",1,"single 390"
"TTCGAAGGTCATTAGC.1","IGHV3-21","IGHJ4","CARWLRGGTGHWTSSTCYSCSAFYFW",1,"cluster 158"
"TTCGAAGGTCGCGGTT.1","IGHV3-21","IGHJ4","CARGSRWDCSSTACVLDYW",1,"cluster 70"
"TTCGAAGGTTACCGAT.1","IGHV1-3","IGHJ4","CARVFMATIAPFDYW",1,"cluster 160"
"TTCGGTCAGCGTCAAG.1","IGHV4-61","IGHJ2","CARENAPPRYCSGGSCYLTYYWYFDLW",1,"single 391"
"TTCTACATCTGAGGGA.1","IGHV3-64","IGHJ6","CATSGMRFYQYMYVW",1,"single 392"
"TTCTCAACATCATCCC.1","IGHV1-69D","IGHJ4","CARGEYDYGGNSAFYGAHW",1,"cluster 130"
"TTCTCAATCTACCTGC.1","IGHV4-34","IGHJ5","CARVLTIAAAGTGWFDPW",1,"cluster 2"
"TTCTCCTCAACCGCCA.1","IGHV4-34","IGHJ3","CAMTYYYDSSGYYWADSDAFDIW",1,"single 393"
"TTGAACGGTCAATGTC.1","IGHV3-43","IGHJ4","CAKDIDLGGGQDYYDSSGYSHW",1,"single 394"
"TTGAACGTCCTTGCCA.1","IGHV3-53","IGHJ5","CVRRLPTASGGFDPW",1,"single 395"
"TTGAACGTCTGGTATG.1","IGHV1-2","IGHJ4","CARLMVPAAGDYW",1,"single 396"
"TTGACTTGTGATGCCC.1","IGHV5-51","IGHJ4","CARPGYSGYDEGHVGYW",1,"cluster 7"
"TTGCCGTAGATGCGAC.1","IGHV3-53","IGHJ3","CVRGGYCTGGVCPRPHPNEFDLW",1,"cluster 11"
"TTGCCGTGTAAGAGAG.1","IGHV5-51","IGHJ3","CARQEMATTGGGFDAFDIW",1,"cluster 114"
"TTGCCGTTCAACGAAA.1","IGHV4-34","IGHJ4","CARGRGSSRVGRRFLDYW",1,"cluster 85"
"TTGCGTCTCGCAAGCC.1","IGHV3-23","IGHJ4","CAKALAPVATISIDYW",1,"cluster 58"
"TTGCGTCTCGCTGATA.1","IGHV2-70","IGHJ6","CARIVSGGYSSGWQQHMDVW",1,"single 397"
"TTGGAACAGGCAATTA.1","IGHV5-51","IGHJ4","CARLLVTGAGLDYW",1,"cluster 33"
"TTGGAACAGTTACCCA.1","IGHV3-30","IGHJ4","CGREGRDIRKFGQVDNW",1,"single 398"
"TTGGAACTCTACGAGT.1","IGHV3-33","IGHJ4","CARDYEGSSHYGLVDYW",1,"cluster 19"
"TTGTAGGAGCTACCTA.1","IGHV1-8","IGHJ3","CVRANWRPTTGSPFFDIW",1,"single 399"
"TTGTAGGCAGTTCCCT.1","IGHV3-73","IGHJ4","CASSWDPLTYSSESSGASPLDYFDHW",1,"single 400"
"TTTACTGCAAACTGCT.1","IGHV1-3","IGHJ4","CARGNYGDYDYFDYW",1,"cluster 160"
"TTTACTGGTAAGTGTA.1","IGHV3-43","IGHJ6","CAKDLGPFYYYMDVW",1,"cluster 155"
"TTTACTGTCCGTCATC.1","IGHV3-49","IGHJ6","CTRDFYHSSSWSWFEGVYYYYMDVW",1,"single 401"
"TTTACTGTCTGATTCT.1","IGHV2-70","IGHJ4","CARLKYGRSDYW",1,"single 402"
"TTTATGCGTGTGAAAT.1","IGHV3-33","IGHJ6","CARDSGYDDFWSGHYYYYYMDVW",1,"single 403"
"TTTCCTCGTCAAAGAT.1","IGHV3-33","IGHJ4","CAKDTVATEYDGHPQLDYW",1,"cluster 77"
"TTTGCGCCAGGAACGT.1","IGHV1-69D","IGHJ3","CAGDYPPRAFDIW",1,"single 404"
"TTTGCGCCAGTAAGCG.1","IGHV4-39","IGHJ3","CASGGGVRGPSHEDYDAIDFW",1,"cluster 73"
"TTTGCGCCAGTATCTG.1","IGHV1-69D","IGHJ6","CARKITSRYCSGGSCPGEYYYYYMDVW",1,"cluster 69"
"TTTGCGCGTTGAGTTC.1","IGHV1-69D","IGHJ6","CARGKADRPEYYYDSSGYYYYYYYMDVW",1,"cluster 69"
"TTTGGTTAGTCGTACT.1","IGHV2-26","IGHJ4","CARISGFCSSVPCRNDFW",1,"single 405"
"TTTGGTTCAAACTGTC.1","IGHV4-61","IGHJ5","CARDSGLSVPGTGDWFDPW",1,"single 406"
"TTTGGTTCAGGAACGT.1","IGHV3-11","IGHJ6","CARDYYDSSGYSGYMDVW",1,"single 407"
"TTTGGTTTCCACTCCA.1","IGHV4-39","IGHJ4","CVRSKSWRYDPAFDYW",1,"cluster 135"
"TTTGGTTTCGGAAACG.1","IGHV3-43","IGHJ4","CAKAPTVTTPFDYW",1,"single 408"
